Date,nifty_open,nifty_high,nifty_low,nifty_close,nifty_volume,india_vix_close,nifty_return_5d,nifty_return_20d,vix_level_label,market_regime
2017-01-02,8210.099609375,8212.0,8133.7998046875,8179.5,118300,15.829999923706055,,,MID,
2017-01-03,8196.0498046875,8219.099609375,8148.60009765625,8192.25,127300,15.960000038146973,,,MID,
2017-01-04,8202.650390625,8218.5,8180.89990234375,8190.5,132400,15.890000343322754,,,MID,
2017-01-05,8226.650390625,8282.650390625,8223.7001953125,8273.7998046875,159100,15.050000190734863,,,MID,
2017-01-06,8281.849609375,8306.849609375,8233.25,8243.7998046875,139400,14.90999984741211,,,LOW,
2017-01-09,8259.349609375,8263.0,8227.75,8236.0498046875,99100,15.479999542236328,0.006913601648939505,,MID,
2017-01-10,8262.7001953125,8293.7998046875,8261.0,8288.599609375,142900,15.199999809265137,0.011761068006347353,,MID,
2017-01-11,8327.7998046875,8389.0,8322.25,8380.650390625,186500,14.8100004196167,0.023215968576399515,,LOW,
2017-01-12,8391.0498046875,8417.2001953125,8382.2998046875,8407.2001953125,172600,14.609999656677246,0.016123231619578515,,LOW,
2017-01-13,8457.650390625,8461.0498046875,8373.150390625,8400.349609375,185300,14.380000114440918,0.01899000562804609,,LOW,
2017-01-16,8390.9501953125,8426.7001953125,8374.400390625,8412.7998046875,124100,15.069999694824219,0.021460530738826256,,MID,
2017-01-17,8415.0498046875,8440.900390625,8378.2998046875,8398.0,122000,15.390000343322754,0.013198899184520885,,MID,
2017-01-18,8403.849609375,8460.2998046875,8397.400390625,8417.0,163800,15.180000305175781,0.004337325587004948,,MID,
2017-01-19,8418.400390625,8445.150390625,8404.0498046875,8435.099609375,165900,15.020000457763672,0.0033185142989762273,,MID,
2017-01-20,8404.349609375,8423.650390625,8340.9501953125,8349.349609375,202600,15.789999961853027,-0.00607117588809436,,MID,
2017-01-23,8329.599609375,8404.150390625,8327.2001953125,8391.5,195000,15.90999984741211,-0.002531833061762856,,MID,
2017-01-24,8407.0498046875,8480.9501953125,8398.150390625,8475.7998046875,179200,15.289999961853027,0.009264087245475006,,MID,
2017-01-25,8499.4501953125,8612.599609375,8493.9501953125,8602.75,292500,15.170000076293945,0.022068432933349147,,MID,
2017-01-27,8610.5,8672.7001953125,8606.900390625,8641.25,275400,16.010000228881836,0.02443959172644261,,MID,
2017-01-30,8635.5498046875,8662.599609375,8617.75,8632.75,304700,16.670000076293945,0.0339428103845103,,MID,
2017-01-31,8629.4501953125,8631.75,8552.400390625,8561.2998046875,521000,16.829999923706055,0.02023473809062737,0.04667764590592327,MID,BULL
2017-02-01,8570.349609375,8722.400390625,8537.5,8716.400390625,327700,13.970000267028809,0.02838677074515572,0.06398124942781291,LOW,BULL
2017-02-02,8724.75,8757.599609375,8685.7998046875,8734.25,283500,13.520000457763672,0.015285809770131609,0.06638788840730103,LOW,BULL
2017-02-03,8735.150390625,8748.25,8707.75,8740.9501953125,191000,13.130000114440918,0.011537705229278217,0.05646140850064296,LOW,BULL
2017-02-06,8785.4501953125,8814.099609375,8770.2001953125,8801.0498046875,194400,13.399999618530273,0.019495503134864256,0.06759625575613115,LOW,BULL
2017-02-07,8805.7001953125,8809.2998046875,8741.0498046875,8768.2998046875,226300,13.510000228881836,0.024178571563007623,0.0646244270763241,LOW,BULL
2017-02-08,8774.5498046875,8791.25,8715.0,8769.0498046875,218700,13.350000381469727,0.00604027026100451,0.05796518325834876,LOW,BULL
2017-02-09,8795.5498046875,8821.400390625,8724.099609375,8778.400390625,187500,13.239999771118164,0.005054857672381674,0.04746051695998954,LOW,BULL
2017-02-10,8812.349609375,8822.099609375,8771.2001953125,8793.5498046875,225900,13.180000305175781,0.006017607719948748,0.04595461038151716,LOW,BULL
2017-02-13,8819.7998046875,8826.900390625,8754.2001953125,8805.0498046875,204900,13.6899995803833,0.0004544912355648467,0.048176589562515915,LOW,BULL
2017-02-14,8819.900390625,8820.4501953125,8772.5,8792.2998046875,188300,13.800000190734863,0.002737132686449595,0.04510983368325827,LOW,BULL
2017-02-15,8778.9501953125,8807.900390625,8712.849609375,8724.7001953125,216100,14.210000038146973,-0.005057515963849735,0.03890214280929993,LOW,BULL
2017-02-16,8739.0,8783.9501953125,8719.599609375,8778.0,184600,13.729999542236328,-4.561088662891066e-05,0.04288939051918739,LOW,BULL
2017-02-17,8883.7001953125,8896.4501953125,8804.25,8821.7001953125,298300,13.430000305175781,0.0032012544706341295,0.04583236758790865,LOW,BULL
2017-02-20,8818.5498046875,8886.25,8809.7998046875,8879.2001953125,167800,13.609999656677246,0.008421348234228576,0.06346010296928539,LOW,BULL
2017-02-21,8890.75,8920.7998046875,8860.9501953125,8907.849609375,175700,13.529999732971191,0.01314215930465612,0.06153245657808504,LOW,BULL
2017-02-22,8931.599609375,8960.75,8905.25,8926.900390625,247100,13.699999809265137,0.023175603835778213,0.05322218508370402,LOW,BULL
2017-02-23,8956.400390625,8982.150390625,8927.5498046875,8939.5,377200,13.399999618530273,0.018398268398268414,0.039144459620470196,LOW,BULL
2017-02-27,8943.7001953125,8951.7998046875,8888.650390625,8896.7001953125,189900,13.680000305175781,0.008501762510570554,0.029561717958918043,LOW,NEUTRAL
2017-02-28,8898.9501953125,8914.75,8867.599609375,8879.599609375,293600,13.789999961853027,4.4983112635677e-05,0.028594550910775896,LOW,NEUTRAL
2017-03-01,8904.400390625,8960.7998046875,8898.599609375,8945.7998046875,205900,13.579999923706055,0.004260309387414951,0.04491140466655286,LOW,BULL
2017-03-02,8982.849609375,8992.5,8879.7998046875,8899.75,218800,13.359999656677246,-0.0030414129694460446,0.02103501458838486,LOW,NEUTRAL
2017-03-03,8883.5,8907.099609375,8860.099609375,8897.5498046875,202600,13.350000381469727,-0.0046926780370826204,0.018696488500729913,LOW,NEUTRAL
2017-03-06,8915.099609375,8967.7998046875,8914.0,8963.4501953125,174800,13.640000343322754,0.007502781765667432,0.025454898498256995,LOW,NEUTRAL
2017-03-07,8977.75,8977.849609375,8932.7998046875,8946.900390625,173400,13.880000114440918,0.007579258548881418,0.016571953252647154,LOW,NEUTRAL
2017-03-08,8950.7001953125,8957.0498046875,8891.9501953125,8924.2998046875,177800,14.079999923706055,-0.002403362524246777,0.01779136246192259,LOW,NEUTRAL
2017-03-09,8914.5,8945.7998046875,8899.5,8927.0,171500,14.390000343322754,0.003061883760779871,0.018012236083785105,LOW,NEUTRAL
2017-03-10,8953.7001953125,8975.7001953125,8903.9501953125,8934.5498046875,152700,13.960000038146973,0.004158448203404053,0.01778791204708119,LOW,NEUTRAL
2017-03-14,9091.650390625,9122.75,9060.5,9087.0,270300,12.399999618530273,0.013783733048699398,0.033371073324230505,LOW,BULL
2017-03-15,9086.849609375,9106.5498046875,9075.5,9084.7998046875,240600,12.420000076293945,0.015413093701925895,0.031771540900435546,LOW,BULL
2017-03-16,9129.650390625,9158.4501953125,9128.5498046875,9153.7001953125,208600,11.90999984741211,0.025705141652066388,0.04110419328880521,LOW,BULL
2017-03-17,9207.7998046875,9218.400390625,9147.599609375,9160.0498046875,286700,11.850000381469727,0.02610617281141492,0.049898517958118394,LOW,BULL
2017-03-20,9166.9501953125,9167.599609375,9116.2998046875,9126.849609375,332100,12.020000457763672,0.021523166683408146,0.039741354451469535,LOW,BULL
2017-03-21,9133.9501953125,9147.75,9087.2001953125,9121.5,247700,11.9399995803833,0.0037966325519973587,0.03398435653558041,LOW,BULL
2017-03-22,9047.2001953125,9072.900390625,9019.2998046875,9030.4501953125,232300,12.270000457763672,-0.005982477384582241,0.01703419189487887,LOW,NEUTRAL
2017-03-23,9048.75,9099.0498046875,9048.599609375,9086.2998046875,191800,11.84000015258789,-0.00736318528976021,0.02003291514089911,LOW,NEUTRAL
2017-03-24,9104.0,9133.5498046875,9089.400390625,9108.0,203700,11.979999542236328,-0.005682262192599041,0.020286953080062453,LOW,NEUTRAL
2017-03-27,9093.4501953125,9094.849609375,9024.650390625,9045.2001953125,202700,12.4399995803833,-0.008946067652810918,0.011823949360982189,LOW,NEUTRAL
2017-03-28,9081.5,9110.400390625,9079.7998046875,9100.7998046875,183300,12.119999885559082,-0.00226938500383711,0.02294104610634573,LOW,NEUTRAL
2017-03-29,9128.7001953125,9153.150390625,9109.099609375,9143.7998046875,243400,12.09000015258789,0.012551933394620463,0.02975361580870839,LOW,NEUTRAL
2017-03-30,9142.599609375,9183.150390625,9136.349609375,9173.75,323400,12.149999618530273,0.009624401262589455,0.025481253805060167,LOW,NEUTRAL
2017-03-31,9158.900390625,9191.7001953125,9152.099609375,9173.75,190900,12.420000076293945,0.007218928414580494,0.030787381668024416,LOW,BULL
2017-04-03,9220.599609375,9245.349609375,9192.400390625,9237.849609375,139100,11.489999771118164,0.021298524068305014,0.03824646247085006,LOW,BULL
2017-04-05,9264.400390625,9273.900390625,9215.400390625,9265.150390625,184800,11.550000190734863,0.01805891673969673,0.03365893587162194,LOW,BULL
2017-04-06,9245.7998046875,9267.9501953125,9218.849609375,9261.9501953125,186100,11.289999961853027,0.012921366734695017,0.035213290741185066,LOW,BULL
2017-04-07,9223.7001953125,9250.5,9188.099609375,9198.2998046875,190000,11.6899995803833,0.002676092621610504,0.030702688837961345,LOW,BULL
2017-04-10,9225.599609375,9225.650390625,9174.849609375,9181.4501953125,135800,11.619999885559082,0.0008393727006403839,0.02850343848017256,LOW,NEUTRAL
2017-04-11,9184.5498046875,9242.7001953125,9172.849609375,9237.0,200100,11.399999618530273,-9.197047050191198e-05,0.033851755480037715,LOW,BULL
2017-04-12,9242.5,9246.400390625,9161.7998046875,9203.4501953125,161800,11.630000114440918,-0.006659384112634781,0.01281503194811262,LOW,NEUTRAL
2017-04-13,9202.5,9202.650390625,9144.9501953125,9150.7998046875,166500,11.579999923706055,-0.012000754515096967,0.007264882156890806,LOW,NEUTRAL
2017-04-17,9144.75,9160.0,9120.25,9139.2998046875,0,11.890000343322754,-0.006414228852372639,-0.0015731770014025814,LOW,NEUTRAL
2017-04-18,9163.0,9217.900390625,9095.4501953125,9105.150390625,174200,12.380000114440918,-0.008310212772972836,-0.005993353227665477,LOW,NEUTRAL
2017-04-19,9112.2001953125,9120.5,9075.150390625,9103.5,173700,12.220000267028809,-0.014452744397531636,-0.0025583427331831166,LOW,NEUTRAL
2017-04-20,9108.099609375,9143.900390625,9102.650390625,9136.400390625,170300,11.5600004196167,-0.007285290110186082,0.0016335460861700568,LOW,NEUTRAL
2017-04-21,9179.099609375,9183.650390625,9088.75,9119.400390625,155200,11.420000076293945,-0.0034313300184335427,0.00985002888988551,LOW,NEUTRAL
2017-04-24,9135.349609375,9225.400390625,9130.5498046875,9217.9501953125,167700,11.630000114440918,0.008605734827153988,0.014488889146832218,LOW,NEUTRAL
2017-04-25,9273.0498046875,9309.2001953125,9250.349609375,9306.599609375,168700,11.15999984741211,0.022124754683614967,0.021804963699495028,LOW,NEUTRAL
2017-04-26,9336.2001953125,9367.0,9301.349609375,9351.849609375,185700,11.739999771118164,0.027280673298731184,0.03390189353922923,LOW,BULL
2017-04-27,9359.150390625,9367.150390625,9322.650390625,9342.150390625,209400,11.069999694824219,0.022519809903594368,0.026519711576689087,LOW,NEUTRAL
2017-04-28,9340.9501953125,9342.650390625,9282.25,9304.0498046875,162200,10.859999656677246,0.02024797751531171,0.017525536803403075,LOW,NEUTRAL
2017-05-02,9339.849609375,9352.5498046875,9269.900390625,9313.7998046875,161600,11.449999809265137,0.010398147890161136,0.015266363775718661,LOW,NEUTRAL
2017-05-03,9344.7001953125,9346.2998046875,9298.400390625,9311.9501953125,151600,11.529999732971191,0.0005749238349213037,0.015064744004632757,LOW,NEUTRAL
2017-05-04,9360.9501953125,9365.650390625,9323.25,9359.900390625,269600,11.329999923706055,0.0008608758252408588,0.013212033796927924,LOW,NEUTRAL
2017-05-05,9374.5498046875,9377.099609375,9272.0,9285.2998046875,231900,11.989999771118164,-0.006085385437013535,0.002174753049112743,LOW,NEUTRAL
2017-05-08,9311.4501953125,9338.7001953125,9297.9501953125,9314.0498046875,174300,11.670000076293945,0.0010748007813716765,0.005625123033091706,LOW,NEUTRAL
2017-05-09,9337.349609375,9338.9501953125,9307.7001953125,9316.849609375,132300,11.109999656677246,0.00032745010108170547,0.012888230129994849,LOW,NEUTRAL
2017-05-10,9339.650390625,9414.75,9336.0,9407.2998046875,152700,10.949999809265137,0.010239488761763171,0.024598468060122558,LOW,NEUTRAL
2017-05-11,9448.599609375,9450.650390625,9411.2998046875,9422.400390625,171100,10.84000015258789,0.006677421488651802,0.020071494059218375,LOW,NEUTRAL
2017-05-12,9436.650390625,9437.75,9372.5498046875,9400.900390625,154300,10.630000114440918,0.012449849586885886,0.02145393207137314,LOW,NEUTRAL
2017-05-15,9433.5498046875,9449.25,9423.099609375,9445.400390625,140800,10.680000305175781,0.014102413954389048,0.03219397126211754,LOW,BULL
2017-05-16,9461.0,9517.2001953125,9456.349609375,9512.25,166500,10.5600004196167,0.02097279647278838,0.040807305076173916,LOW,BULL
2017-05-17,9517.599609375,9532.599609375,9486.099609375,9525.75,205500,10.640000343322754,0.012591306514275091,0.04619359278327395,LOW,BULL
2017-05-18,9453.2001953125,9489.099609375,9418.099609375,9429.4501953125,193300,11.789999961853027,0.0007481962552253751,0.03580493165403409,LOW,BULL
2017-05-19,9469.900390625,9505.75,9390.75,9427.900390625,252100,11.300000190734863,0.002872065321203321,0.03190534428625891,LOW,BULL
2017-05-22,9480.25,9498.650390625,9427.900390625,9438.25,196800,11.199999809265137,-0.0007570235595408814,0.03496387873294671,LOW,BULL
2017-05-23,9445.0498046875,9448.0498046875,9370.0,9386.150390625,224400,12.199999809265137,-0.013256549120870487,0.01824702799956901,LOW,NEUTRAL
2017-05-24,9410.900390625,9431.900390625,9341.650390625,9360.5498046875,211800,11.829999923706055,-0.017342486976091087,0.005796982526051098,LOW,NEUTRAL
2017-05-25,9384.0498046875,9523.2998046875,9379.2001953125,9509.75,289200,10.449999809265137,0.008515852252702683,0.016884402254149666,LOW,NEUTRAL
2017-05-26,9507.75,9604.900390625,9495.400390625,9595.099609375,218800,10.859999656677246,0.01773451265100978,0.02707612360895406,LOW,NEUTRAL
2017-05-29,9560.0498046875,9637.75,9547.7001953125,9604.900390625,235000,11.789999961853027,0.017656916337774442,0.03233544448417791,LOW,BULL
2017-05-30,9590.650390625,9635.2998046875,9581.2001953125,9624.5498046875,193900,11.770000457763672,0.025399061824176172,0.03336447062600634,LOW,BULL
2017-05-31,9636.5498046875,9649.599609375,9609.25,9621.25,414300,11.760000228881836,0.02785094900963503,0.03321536286171267,LOW,BULL
2017-06-01,9603.5498046875,9634.650390625,9589.900390625,9616.099609375,176100,11.3100004196167,0.011183218210257806,0.02737200269851292,LOW,NEUTRAL
2017-06-02,9657.150390625,9673.5,9637.4501953125,9653.5,162200,10.8100004196167,0.006086480912396164,0.03965409874289905,LOW,BULL
2017-06-05,9656.2998046875,9687.2001953125,9640.7001953125,9675.099609375,127700,11.020000457763672,0.007308687846312223,0.03876399764426797,LOW,BULL
2017-06-06,9704.25,9709.2998046875,9630.2001953125,9637.150390625,145900,11.130000114440918,0.0013092130222405185,0.0343786574517313,LOW,BULL
2017-06-07,9663.9501953125,9678.5498046875,9630.5498046875,9663.900390625,160700,10.890000343322754,0.004432936533714349,0.027276752231244927,LOW,NEUTRAL
2017-06-08,9682.400390625,9688.7001953125,9641.5,9647.25,155400,11.069999694824219,0.0032393997452595524,0.02386330447162055,LOW,NEUTRAL
2017-06-09,9638.5498046875,9676.25,9608.150390625,9668.25,159000,10.859999656677246,0.0015279432330241871,0.028438723767524765,LOW,NEUTRAL
2017-06-12,9646.7001953125,9647.0498046875,9598.5,9616.400390625,141400,11.420000076293945,-0.006067040249706723,0.018104049900280028,LOW,NEUTRAL
2017-06-13,9615.5498046875,9654.150390625,9595.400390625,9606.900390625,129700,11.34000015258789,-0.0031388946705062093,0.00995036827511897,LOW,NEUTRAL
2017-06-14,9621.5498046875,9627.400390625,9580.4501953125,9618.150390625,181800,11.180000305175781,-0.004734113365280734,0.009700064627457206,LOW,NEUTRAL
2017-06-15,9617.900390625,9621.400390625,9560.7998046875,9578.0498046875,171100,11.329999923706055,-0.0071730488286817495,0.015759095843029147,LOW,NEUTRAL
2017-06-16,9595.4501953125,9615.849609375,9565.5,9588.0498046875,213200,10.920000076293945,-0.00829521323016058,0.016986752874664557,LOW,NEUTRAL
2017-06-19,9626.400390625,9673.2998046875,9614.900390625,9657.5498046875,141700,10.630000114440918,0.004279087017073024,0.023235218889889442,LOW,NEUTRAL
2017-06-20,9670.5,9676.5,9643.75,9653.5,159500,10.65999984741211,0.0048506393821334814,0.02848341420589562,LOW,NEUTRAL
2017-06-21,9648.099609375,9650.4501953125,9608.599609375,9633.599609375,144000,10.920000076293945,0.0016062567253116722,0.02917027422371743,LOW,NEUTRAL
2017-06-22,9642.650390625,9698.849609375,9617.75,9630.0,198800,11.210000038146973,0.0054238802649653195,0.012644917058808103,LOW,NEUTRAL
2017-06-23,9643.25,9647.650390625,9565.2998046875,9574.9501953125,175200,11.5600004196167,-0.0013662433593738532,-0.002099969242926103,LOW,NEUTRAL
2017-06-27,9594.0498046875,9615.400390625,9473.4501953125,9511.400390625,203300,12.510000228881836,-0.015133177360531214,-0.009734614227885352,LOW,NEUTRAL
2017-06-28,9520.2001953125,9522.5,9474.349609375,9491.25,172400,11.989999771118164,-0.01680737556326717,-0.013849978169636401,LOW,NEUTRAL
2017-06-29,9522.9501953125,9575.7998046875,9493.7998046875,9504.099609375,259300,11.380000114440918,-0.013442535007784251,-0.012176213134987623,LOW,NEUTRAL
2017-06-30,9478.5,9535.7998046875,9448.75,9520.900390625,179600,11.729999542236328,-0.011329139083592898,-0.009899982593481793,LOW,NEUTRAL
2017-07-03,9587.9501953125,9624.0,9543.5498046875,9615.0,183000,11.199999809265137,0.004182768982663454,-0.003988190811622716,LOW,NEUTRAL
2017-07-04,9645.900390625,9650.650390625,9595.5,9613.2998046875,144800,11.279999732971191,0.010713397594211083,-0.006387510948995034,LOW,NEUTRAL
2017-07-05,9619.75,9643.650390625,9607.349609375,9637.599609375,130800,11.149999618530273,0.01541942414065578,4.661323438903686e-05,LOW,NEUTRAL
2017-07-06,9653.599609375,9700.7001953125,9639.9501953125,9674.5498046875,147400,10.979999542236328,0.017934386456173623,0.0011019788731299052,LOW,NEUTRAL
2017-07-07,9670.349609375,9684.25,9642.650390625,9665.7998046875,141800,10.869999885559082,0.015219087283507182,0.0019228075034336545,LOW,NEUTRAL
2017-07-10,9719.2998046875,9782.150390625,9646.4501953125,9771.0498046875,37500,10.90999984741211,0.016229828880655273,0.010632720987510558,LOW,NEUTRAL
2017-07-11,9797.4501953125,9830.0498046875,9778.849609375,9786.0498046875,179700,10.890000343322754,0.01796989623851797,0.017641675384886257,LOW,NEUTRAL
2017-07-12,9807.2998046875,9824.9501953125,9787.7001953125,9816.099609375,145500,11.050000190734863,0.018521209350341072,0.021775932948586485,LOW,NEUTRAL
2017-07-13,9855.7998046875,9897.25,9853.4501953125,9891.7001953125,181300,11.25,0.0224455292503416,0.02844099890080054,LOW,NEUTRAL
2017-07-14,9913.2998046875,9913.2998046875,9845.4501953125,9886.349609375,159600,11.170000076293945,0.02281754320843099,0.032188160531031906,LOW,BULL
2017-07-17,9908.150390625,9928.2001953125,9894.7001953125,9915.9501953125,163500,11.460000038146973,0.014829562178209965,0.034198861844114914,LOW,BULL
2017-07-18,9832.7001953125,9885.349609375,9792.0498046875,9827.150390625,293900,11.489999771118164,0.00419991587594537,0.01756145082008076,LOW,NEUTRAL
2017-07-19,9855.9501953125,9905.0498046875,9851.650390625,9899.599609375,200200,11.260000228881836,0.008506433647051947,0.025493303918268095,LOW,NEUTRAL
2017-07-20,9920.2001953125,9922.5498046875,9863.4501953125,9873.2998046875,161100,11.319999694824219,-0.0018601848278538835,0.024881685458386205,LOW,NEUTRAL
2017-07-21,9899.599609375,9924.7001953125,9838.0,9915.25,187500,11.09000015258789,0.00292326204988691,0.02962097611630332,LOW,NEUTRAL
2017-07-24,9936.7998046875,9982.0498046875,9919.599609375,9966.400390625,174500,11.3100004196167,0.005087782241619987,0.04088273957854516,LOW,BULL
2017-07-25,10010.5498046875,10011.2998046875,9949.099609375,9964.5498046875,185500,10.90999984741211,0.013981613041515795,0.047642765045318836,LOW,BULL
2017-07-26,9983.650390625,10025.9501953125,9965.9501953125,10020.650390625,197600,11.170000076293945,0.0122278461782801,0.055777731133939135,LOW,BULL
2017-07-27,10063.25,10114.849609375,10005.5,10020.5498046875,287900,11.220000267028809,0.014913960166599072,0.054339728805353094,LOW,BULL
2017-07-28,9996.5498046875,10026.0498046875,9944.5,10014.5,191600,11.140000343322754,0.010009833337535579,0.0518437951373838,LOW,BULL
2017-07-31,10034.7001953125,10085.900390625,10016.9501953125,10077.099609375,237700,11.899999618530273,0.011107241773482324,0.04806028178627142,LOW,BULL
2017-08-01,10101.0498046875,10128.599609375,10065.75,10114.650390625,184300,11.90999984741211,0.015063458849579936,0.05215176850024372,LOW,BULL
2017-08-02,10136.2998046875,10137.849609375,10054.2001953125,10081.5,161500,11.9399995803833,0.006072421150620011,0.046059227257500446,LOW,BULL
2017-08-03,10081.150390625,10081.150390625,9998.25,10013.650390625,192700,11.640000343322754,-0.000688526497744868,0.035050787146002405,LOW,BULL
2017-08-04,10008.599609375,10075.25,9988.349609375,10066.400390625,178600,11.390000343322754,0.0051825244021168615,0.04144515653461256,LOW,BULL
2017-08-07,10074.7998046875,10088.099609375,10046.349609375,10057.400390625,137400,11.899999618530273,-0.001954850057418578,0.029306020505609043,LOW,NEUTRAL
2017-08-08,10068.349609375,10083.7998046875,9947.0,9978.5498046875,203300,12.770000457763672,-0.013455787464848767,0.01967085839965721,LOW,NEUTRAL
2017-08-09,9961.150390625,9969.7998046875,9893.0498046875,9908.0498046875,169200,13.449999809265137,-0.01720480040792538,0.00936728425460176,LOW,NEUTRAL
2017-08-10,9872.849609375,9892.650390625,9776.2001953125,9820.25,235500,13.800000190734863,-0.019313675141491404,-0.007223247156879942,LOW,NEUTRAL
2017-08-11,9712.150390625,9771.650390625,9685.5498046875,9710.7998046875,285900,15.199999809265137,-0.035325495920932815,-0.017756787047165545,MID,NEUTRAL
2017-08-14,9755.75,9818.2998046875,9752.099609375,9794.150390625,195600,14.380000114440918,-0.026174755878804246,-0.012283220698816932,LOW,NEUTRAL
2017-08-16,9825.849609375,9903.9501953125,9773.849609375,9897.2998046875,219500,14.239999771118164,-0.0081424657480621,0.00713832711153195,LOW,NEUTRAL
2017-08-17,9945.5498046875,9947.7998046875,9883.75,9904.150390625,197600,14.34000015258789,-0.00039356019997549563,0.0004596934653489093,LOW,NEUTRAL
2017-08-18,9865.9501953125,9865.9501953125,9783.650390625,9837.400390625,246300,14.569999694824219,0.0017464311626484985,-0.0036360097204235498,LOW,NEUTRAL
2017-08-21,9864.25,9884.349609375,9740.099609375,9754.349609375,205300,14.819999694824219,0.004484677427545991,-0.016227567698746892,LOW,NEUTRAL
2017-08-22,9815.75,9828.4501953125,9752.599609375,9765.5498046875,183600,14.109999656677246,-0.0029201701828958093,-0.020152771117487145,LOW,NEUTRAL
2017-08-23,9803.0498046875,9857.900390625,9786.75,9852.5,168600,13.180000305175781,-0.004526467377120591,-0.011244843659147574,LOW,NEUTRAL
2017-08-24,9881.2001953125,9881.5,9848.849609375,9857.0498046875,184700,12.569999694824219,-0.004755641229164276,-0.016326344055527575,LOW,NEUTRAL
2017-08-28,9907.150390625,9925.75,9882.0,9912.7998046875,159600,12.640000343322754,0.00766456696571538,-0.010752902994364266,LOW,NEUTRAL
2017-08-29,9886.400390625,9887.349609375,9783.75,9796.0498046875,173300,13.539999961853027,0.0042750359565153495,-0.021813390115582365,LOW,NEUTRAL
2017-08-30,9859.5,9909.4501953125,9850.7998046875,9884.400390625,157800,12.890000343322754,0.012170393712031657,-0.01912248823765983,LOW,NEUTRAL
2017-08-31,9905.7001953125,9925.099609375,9856.9501953125,9917.900390625,327700,11.949999809265137,0.006637948807409311,-0.019451982263505863,LOW,NEUTRAL
2017-09-01,9937.650390625,9983.4501953125,9909.849609375,9974.400390625,157800,11.680000305175781,0.01190524429344908,-0.010623380387343118,LOW,NEUTRAL
2017-09-04,9984.150390625,9988.400390625,9861.0,9912.849609375,148800,13.170000076293945,5.024280574694728e-06,-0.010066337181530938,LOW,NEUTRAL
2017-09-05,9933.25,9963.099609375,9901.0498046875,9952.2001953125,139200,12.890000343322754,0.01594013849850784,-0.011344690344212482,LOW,NEUTRAL
2017-09-06,9899.25,9931.5498046875,9882.5498046875,9916.2001953125,149200,13.119999885559082,0.0032171708379662434,-0.01403943263948404,LOW,NEUTRAL
2017-09-07,9945.849609375,9964.849609375,9917.2001953125,9929.900390625,188800,13.010000228881836,0.0012099335068280759,-0.004875399232827093,LOW,NEUTRAL
2017-09-08,9958.650390625,9963.599609375,9913.2998046875,9934.7998046875,163600,12.960000038146973,-0.003970222207514418,0.0026998249430825183,LOW,NEUTRAL
2017-09-11,9971.75,10028.650390625,9968.7998046875,10006.0498046875,173000,12.359999656677246,0.009401957962154261,0.018920068703699,LOW,NEUTRAL
2017-09-12,10056.849609375,10097.5498046875,10028.0498046875,10093.0498046875,182600,11.760000228881836,0.014152610137539323,0.03936339000784295,LOW,BULL
2017-09-13,10099.25,10131.9501953125,10063.150390625,10079.2998046875,215000,11.760000228881836,0.01644779312262168,0.029114257254559517,LOW,NEUTRAL
2017-09-14,10107.400390625,10126.5,10070.349609375,10086.599609375,225600,11.470000267028809,0.015780542864049618,0.0191264090633938,LOW,NEUTRAL
2017-09-15,10062.349609375,10115.150390625,10043.650390625,10085.400390625,266600,11.680000305175781,0.015158894884468976,0.018300408702554227,LOW,NEUTRAL
2017-09-18,10133.099609375,10171.7001953125,10131.2998046875,10153.099609375,156100,11.4399995803833,0.014696089621561992,0.03209173218677375,LOW,BULL
2017-09-19,10175.599609375,10178.9501953125,10129.9501953125,10147.5498046875,187500,11.470000267028809,0.0053997553816378385,0.040310242205650715,LOW,BULL
2017-09-20,10160.9501953125,10171.0498046875,10134.2001953125,10141.150390625,199400,11.630000114440918,0.006136397084719691,0.03846179615583045,LOW,BULL
2017-09-21,10139.599609375,10158.900390625,10058.599609375,10121.900390625,191800,11.630000114440918,0.0034997702513333007,0.02734335352702355,LOW,NEUTRAL
2017-09-22,10094.349609375,10095.0498046875,9952.7998046875,9964.400390625,226600,12.8100004196167,-0.011997540535175655,0.010890741962818362,LOW,NEUTRAL
2017-09-25,9960.099609375,9960.5,9816.0498046875,9872.599609375,221400,13.34000015258789,-0.027627031231033827,-0.0040553825462600335,LOW,NEUTRAL
2017-09-26,9875.25,9891.349609375,9813.0,9871.5,190900,12.930000305175781,-0.02720359200010858,0.007702104094692963,LOW,NEUTRAL
2017-09-27,9920.599609375,9921.0498046875,9714.400390625,9735.75,200100,13.859999656677246,-0.03997577937506702,-0.015038888020561081,LOW,NEUTRAL
2017-09-28,9736.400390625,9789.2001953125,9687.5498046875,9768.9501953125,385000,13.170000076293945,-0.03486995343674848,-0.015018319346431053,LOW,NEUTRAL
2017-09-29,9814.2998046875,9854.0,9775.349609375,9788.599609375,196300,12.489999771118164,-0.017642886110377676,-0.018627764474407393,LOW,NEUTRAL
2017-10-03,9893.2998046875,9895.400390625,9831.0498046875,9859.5,162800,12.460000038146973,-0.0013268652526494673,-0.005381864093302213,LOW,NEUTRAL
2017-10-04,9884.349609375,9938.2998046875,9850.650390625,9914.900390625,156200,11.800000190734863,0.004396534531226237,-0.003747895335251439,LOW,NEUTRAL
2017-10-05,9927.0,9945.9501953125,9881.849609375,9888.7001953125,147800,11.710000038146973,0.01571016052307228,-0.0027732396944748494,LOW,NEUTRAL
2017-10-06,9908.150390625,9989.349609375,9906.599609375,9979.7001953125,195800,11.119999885559082,0.021573454238831724,0.005015136378861973,LOW,NEUTRAL
2017-10-09,9988.2001953125,10015.75,9959.4501953125,9988.75,143900,11.390000343322754,0.020447295692154643,0.0054304260149302674,LOW,NEUTRAL
2017-10-10,10013.7001953125,10034.0,10002.2998046875,10016.9501953125,148600,11.109999656677246,0.015969389453065475,0.0010893800088715988,LOW,NEUTRAL
2017-10-11,10042.599609375,10067.25,9955.7998046875,9984.7998046875,189700,11.729999542236328,0.0070499360869620276,-0.010725202202977901,LOW,NEUTRAL
2017-10-12,10011.2001953125,10104.4501953125,9977.099609375,10096.400390625,200900,11.039999961853027,0.02100379131839336,0.0016966045527833096,LOW,NEUTRAL
2017-10-13,10123.7001953125,10191.900390625,10120.099609375,10167.4501953125,230100,11.260000228881836,0.018813190409085356,0.008015643434716502,LOW,NEUTRAL
2017-10-16,10207.400390625,10242.9501953125,10175.099609375,10230.849609375,203000,11.3100004196167,0.024237227818796114,0.014421759485642616,LOW,NEUTRAL
2017-10-17,10227.650390625,10251.849609375,10212.599609375,10234.4501953125,195700,11.609999656677246,0.021713195709187172,0.008012389227658456,LOW,NEUTRAL
2017-10-18,10209.400390625,10236.4501953125,10175.75,10210.849609375,254200,11.539999961853027,0.02263939278796334,0.006237939788998004,LOW,NEUTRAL
2017-10-19,10210.349609375,10211.9501953125,10123.349609375,10146.5498046875,30200,12.399999618530273,0.004967058765722676,0.0005324261897832194,LOW,NEUTRAL
2017-10-23,10176.650390625,10224.150390625,10124.5,10184.849609375,218100,12.329999923706055,0.0017112858905885542,0.006219110672962547,LOW,NEUTRAL
2017-10-24,10218.5498046875,10237.75,10182.400390625,10207.7001953125,217200,11.59000015258789,-0.0022627069057185034,0.024416903692108693,LOW,NEUTRAL
2017-10-25,10321.150390625,10340.5498046875,10240.900390625,10295.349609375,594200,11.760000228881836,0.005950433379449338,0.04282053529230101,LOW,BULL
2017-10-26,10291.7998046875,10355.650390625,10271.849609375,10343.7998046875,429700,11.619999885559082,0.01302048315259019,0.04784478596844455,LOW,BULL
2017-10-27,10362.2998046875,10366.150390625,10311.2998046875,10323.0498046875,312700,11.479999542236328,0.017395075508175317,0.0603240433133041,LOW,BULL
2017-10-30,10353.849609375,10384.5,10344.2998046875,10363.650390625,236900,12.109999656677246,0.01755556420640869,0.060876571527394896,LOW,BULL
2017-10-31,10364.900390625,10367.7001953125,10323.9501953125,10335.2998046875,232600,12.4399995803833,0.012500328862871113,0.055850705629935105,LOW,BULL
2017-11-01,10390.349609375,10451.650390625,10383.0498046875,10440.5,260300,12.140000343322754,0.0140986363875224,0.058927937522186724,LOW,BULL
2017-11-02,10440.5,10453.0,10412.5498046875,10423.7998046875,201500,12.010000228881836,0.00773410173346023,0.05132672987251463,LOW,BULL
2017-11-03,10461.5498046875,10461.7001953125,10403.599609375,10452.5,199900,11.90999984741211,0.012539917733780381,0.05701455131127897,LOW,BULL
2017-11-06,10431.75,10490.4501953125,10413.75,10451.7998046875,193600,13.020000457763672,0.00850563370434032,0.04730599117564149,LOW,BULL
2017-11-07,10477.150390625,10485.75,10340.7998046875,10350.150390625,286900,13.239999771118164,0.001436880034265231,0.03618074239769742,LOW,BULL
2017-11-08,10361.9501953125,10384.25,10285.5,10303.150390625,274500,13.609999656677246,-0.013155462801111018,0.02857159012794419,LOW,NEUTRAL
2017-11-09,10358.650390625,10368.4501953125,10266.9501953125,10308.9501953125,240200,13.270000457763672,-0.011018017568157124,0.03246438556262521,LOW,BULL
2017-11-10,10304.349609375,10344.9501953125,10254.099609375,10321.75,279400,13.479999542236328,-0.012508969146137305,0.022319797220428095,LOW,NEUTRAL
2017-11-13,10322.0,10334.150390625,10216.25,10224.9501953125,210300,14.050000190734863,-0.02170435844678742,0.005655301859900819,LOW,NEUTRAL
2017-11-14,10223.400390625,10248.0,10175.5498046875,10186.599609375,305000,14.170000076293945,-0.015801778242579112,-0.004325153989112707,LOW,NEUTRAL
2017-11-15,10171.9501953125,10175.4501953125,10094.0,10118.0498046875,207400,14.270000457763672,-0.017965435708472866,-0.011373389718415283,LOW,NEUTRAL
2017-11-16,10152.900390625,10232.25,10139.2001953125,10214.75,182600,13.460000038146973,-0.009137709808253125,0.00038198492527197203,LOW,NEUTRAL
2017-11-17,10324.5498046875,10343.599609375,10268.0498046875,10283.599609375,203300,13.710000038146973,-0.0036961165136726315,0.013507035132689804,LOW,NEUTRAL
2017-11-20,10287.2001953125,10309.849609375,10261.5,10298.75,147200,13.430000305175781,0.0072176199666313945,0.011183315904847113,LOW,NEUTRAL
2017-11-21,10329.25,10358.7001953125,10315.0498046875,10326.900390625,186100,13.720000267028809,0.013773073118617196,0.011677478083382375,LOW,NEUTRAL
2017-11-22,10350.7998046875,10368.7001953125,10309.5498046875,10342.2998046875,157600,14.039999961853027,0.022163361945116034,0.004560330352428865,LOW,NEUTRAL
2017-11-23,10358.4501953125,10374.2998046875,10307.2998046875,10348.75,153000,13.869999885559082,0.013118284833206983,0.0004785664268420753,LOW,NEUTRAL
2017-11-24,10366.7998046875,10404.5,10362.25,10389.7001953125,129200,13.510000228881836,0.010317455946142973,0.00645646314665016,LOW,NEUTRAL
2017-11-27,10361.0498046875,10407.150390625,10340.2001953125,10399.5498046875,141900,13.029999732971191,0.009787576617307892,0.0034639738614663518,LOW,NEUTRAL
2017-11-28,10387.900390625,10409.5498046875,10355.2001953125,10370.25,196000,13.149999618530273,0.0041977367588781345,0.003381633428441777,LOW,NEUTRAL
2017-11-29,10376.650390625,10392.9501953125,10345.900390625,10361.2998046875,152500,13.0600004196167,0.0018371155699226094,-0.007585862297064372,LOW,NEUTRAL
2017-11-30,10332.7001953125,10332.7001953125,10211.25,10226.5498046875,342500,13.550000190734863,-0.011808208267906739,-0.018923041855744227,LOW,NEUTRAL
2017-12-01,10263.7001953125,10272.7001953125,10108.5498046875,10121.7998046875,143400,14.800000190734863,-0.02578518971566357,-0.03163838271346564,LOW,BEAR
2017-12-04,10175.0498046875,10179.2001953125,10095.7001953125,10127.75,148600,14.859999656677246,-0.02613572796824226,-0.0310042108290447,LOW,BEAR
2017-12-05,10118.25,10147.9501953125,10069.099609375,10118.25,155500,15.010000228881836,-0.024300282056845313,-0.022405509279850855,MID,NEUTRAL
2017-12-06,10088.7998046875,10104.2001953125,10033.349609375,10044.099609375,166100,15.09000015258789,-0.030613938530086426,-0.02514287100824175,MID,NEUTRAL
2017-12-07,10063.4501953125,10182.650390625,10061.900390625,10166.7001953125,166200,14.270000457763672,-0.0058523754851872445,-0.013798689226831362,LOW,NEUTRAL
2017-12-08,10198.4501953125,10270.849609375,10195.25,10265.650390625,200000,13.670000076293945,0.014211957232238559,-0.005435087012861217,LOW,NEUTRAL
2017-12-11,10310.5,10329.2001953125,10282.0498046875,10322.25,147400,14.149999618530273,0.019204660462590395,0.009515919669917494,LOW,NEUTRAL
2017-12-12,10324.900390625,10326.099609375,10230.2001953125,10240.150390625,175100,15.260000228881836,0.012047576470733512,0.005256983027065898,MID,NEUTRAL
2017-12-13,10236.599609375,10296.5498046875,10169.849609375,10192.9501953125,181600,15.949999809265137,0.01481970427678414,0.007402650913054476,MID,NEUTRAL
2017-12-14,10229.2998046875,10276.099609375,10141.5498046875,10252.099609375,154300,16.40999984741211,0.008399914664728225,0.003656438911867621,MID,NEUTRAL
2017-12-15,10345.650390625,10373.099609375,10319.650390625,10333.25,255100,14.9399995803833,0.0065850293749274424,0.004828113939766343,LOW,NEUTRAL
2017-12-18,10263.099609375,10443.5498046875,10074.7998046875,10388.75,230400,13.119999885559082,0.00644239385792833,0.008738924626775058,LOW,NEUTRAL
2017-12-19,10414.7998046875,10472.2001953125,10406.0,10463.2001953125,169100,12.1899995803833,0.021781887587481563,0.013198520323797869,LOW,NEUTRAL
2017-12-20,10494.400390625,10494.4501953125,10437.150390625,10444.2001953125,175200,12.1899995803833,0.024649389547252376,0.00985277864202061,LOW,NEUTRAL
2017-12-21,10473.9501953125,10473.9501953125,10426.900390625,10440.2998046875,151900,12.09000015258789,0.01835723436986525,0.008846460170310433,LOW,NEUTRAL
2017-12-22,10457.2998046875,10501.099609375,10448.25,10493.0,138800,11.59000015258789,0.015459802095178166,0.009942520260026955,LOW,NEUTRAL
2017-12-26,10512.2998046875,10545.4501953125,10477.9501953125,10531.5,155600,12.050000190734863,0.01374082541210453,0.012688068021273757,LOW,NEUTRAL
2017-12-27,10531.0498046875,10552.400390625,10469.25,10490.75,165200,12.489999771118164,0.0026330189782513003,0.011619777729563019,LOW,NEUTRAL
2017-12-28,10498.2001953125,10534.5498046875,10460.4501953125,10477.900390625,272900,12.300000190734863,0.0032266899027486584,0.011253470909581287,LOW,NEUTRAL
2017-12-29,10492.349609375,10538.7001953125,10488.650390625,10530.7001953125,152000,12.670000076293945,0.008658792593715825,0.029741251588643047,LOW,NEUTRAL
2018-01-02,10477.5498046875,10495.2001953125,10404.650390625,10442.2001953125,153400,13.6899995803833,-0.004841304173020089,0.03165448801670823,LOW,BULL
2018-01-03,10482.650390625,10503.599609375,10429.5498046875,10443.2001953125,167300,13.619999885559082,-0.008384352151877716,0.031147115135395254,LOW,BULL
2018-01-04,10469.400390625,10513.0,10441.4501953125,10504.7998046875,174900,13.420000076293945,0.0013392564580703148,0.03820322730585812,LOW,BULL
2018-01-05,10534.25,10566.099609375,10520.099609375,10558.849609375,180900,13.109999656677246,0.007725709897226096,0.05124899393864446,LOW,BULL
2018-01-08,10591.7001953125,10631.2001953125,10588.5498046875,10623.599609375,169000,13.739999771118164,0.008821769905086763,0.044940777763188056,LOW,BULL
2018-01-09,10645.099609375,10659.150390625,10603.599609375,10637.0,205000,13.850000381469727,0.018655053632753216,0.036173997286536475,LOW,BULL
2018-01-10,10652.0498046875,10655.5,10592.7001953125,10632.2001953125,176400,14.039999961853027,0.018097900688031743,0.030027386985637783,LOW,BULL
2018-01-11,10637.0498046875,10664.599609375,10612.349609375,10651.2001953125,153800,14.010000228881836,0.013936523622246622,0.0401409929549299,LOW,BULL
2018-01-12,10682.5498046875,10690.400390625,10597.099609375,10681.25,175200,13.729999542236328,0.0115922089198357,0.04790564020533106,LOW,BULL
2018-01-15,10718.5,10782.650390625,10713.7998046875,10741.5498046875,175900,14.3100004196167,0.01110265819961942,0.04774145920947981,LOW,BULL
2018-01-16,10761.5,10762.349609375,10687.849609375,10700.4501953125,211000,14.09000015258789,0.005965046094998483,0.03553578935112389,LOW,BULL
2018-01-17,10702.4501953125,10803.0,10666.75,10788.5498046875,252700,13.859999656677246,0.014705292084693067,0.03848391815064378,LOW,BULL
2018-01-18,10873.400390625,10887.5,10782.400390625,10817.0,312000,13.960000038146973,0.015566302543113197,0.03381372793058102,LOW,BULL
2018-01-19,10829.2001953125,10906.849609375,10793.900390625,10894.7001953125,207600,13.979999542236328,0.019983634435342346,0.04313398743564778,LOW,BULL
2018-01-22,10883.2001953125,10975.099609375,10881.400390625,10966.2001953125,231600,15.390000343322754,0.02091415063094204,0.05037215410125295,MID,BULL
2018-01-23,10997.400390625,11092.900390625,10994.5498046875,11083.7001953125,284600,16.229999542236328,0.03581625006468303,0.05629469125250175,MID,BULL
2018-01-24,11069.349609375,11110.099609375,11046.150390625,11086.0,283400,18.040000915527344,0.027570915525946038,0.05265156910221713,MID,BULL
2018-01-25,11095.599609375,11095.599609375,11009.2001953125,11069.650390625,330300,17.510000228881836,0.02335678937089769,0.055181983235230936,MID,BULL
2018-01-29,11079.349609375,11171.5498046875,11075.9501953125,11130.400390625,241700,17.889999389648438,0.021634390216071386,0.06227392661451692,MID,BULL
2018-01-30,11120.849609375,11121.099609375,11033.900390625,11049.650390625,228000,16.420000076293945,0.007609763986268447,0.04927974262751289,MID,BULL
2018-01-31,11018.7998046875,11058.5,10979.2998046875,11027.7001953125,245900,15.930000305175781,-0.005052464340715712,0.056070558794958814,MID,BULL
2018-02-01,11044.5498046875,11117.349609375,10878.7998046875,11016.900390625,306200,14.109999656677246,-0.006233051540230905,0.054935286558042806,LOW,BULL
2018-02-02,10938.2001953125,10954.9501953125,10736.099609375,10760.599609375,282700,15.25,-0.027918748139664662,0.024350754840026134,MID,NEUTRAL
2018-02-05,10604.2998046875,10702.75,10586.7998046875,10666.5498046875,240100,16.049999237060547,-0.041674204849647234,0.010199993303898758,MID,NEUTRAL
2018-02-06,10295.150390625,10594.150390625,10276.2998046875,10498.25,266500,20.020000457763672,-0.04990206668374153,-0.011799165441474524,HIGH,NEUTRAL
2018-02-07,10607.2001953125,10614.0,10446.400390625,10476.7001953125,250400,19.469999313354492,-0.04996508703004199,-0.01507002018308734,MID,NEUTRAL
2018-02-08,10518.5,10637.7998046875,10479.5498046875,10576.849609375,232200,17.770000457763672,-0.039943247705540474,-0.005205939026797335,MID,NEUTRAL
2018-02-09,10416.5,10480.2001953125,10398.2001953125,10454.9501953125,191600,19.229999542236328,-0.028404496511161725,-0.01842515363539665,MID,NEUTRAL
2018-02-12,10518.2001953125,10555.5,10485.400390625,10539.75,217400,17.8799991607666,-0.01188761192787724,-0.013247513165593916,MID,NEUTRAL
2018-02-14,10585.75,10590.5498046875,10456.650390625,10500.900390625,229200,17.18000030517578,0.00025246023146707763,-0.022403602686595803,MID,NEUTRAL
2018-02-15,10537.900390625,10618.099609375,10511.0498046875,10545.5,210600,16.31999969482422,0.006566934569558702,-0.014480717398262177,MID,NEUTRAL
2018-02-16,10596.2001953125,10612.900390625,10434.0498046875,10452.2998046875,184300,16.3799991607666,-0.011775699692004982,-0.03116730293573866,MID,BEAR
2018-02-19,10488.900390625,10489.349609375,10302.75,10378.400390625,187300,16.670000076293945,-0.007321871769587318,-0.04054725056623831,MID,BEAR
2018-02-20,10391.0,10429.349609375,10347.650390625,10360.400390625,187700,16.8700008392334,-0.017016495588130676,-0.04904217602218974,MID,BEAR
2018-02-21,10426.0,10426.099609375,10349.599609375,10397.4501953125,234100,15.920000076293945,-0.009851554768089965,-0.0518639081787976,MID,BEAR
2018-02-22,10354.349609375,10397.5498046875,10340.650390625,10382.7001953125,313600,14.829999923706055,-0.015437845971030262,-0.06324602683645897,LOW,BEAR
2018-02-23,10408.099609375,10499.099609375,10396.650390625,10491.0498046875,210600,14.199999809265137,0.0037073180758384616,-0.053666804556422476,LOW,BEAR
2018-02-26,10526.5498046875,10592.9501953125,10520.2001953125,10582.599609375,171900,13.699999809265137,0.01967540382566635,-0.04399875010167331,LOW,BEAR
2018-02-27,10615.2001953125,10631.650390625,10537.25,10554.2998046875,187500,13.920000076293945,0.018715436349154624,-0.05175919694881259,LOW,BEAR
2018-02-28,10488.9501953125,10535.5,10461.5498046875,10492.849609375,286000,13.8100004196167,0.00917527011627417,-0.050390805280356554,LOW,BEAR
2018-03-01,10479.9501953125,10525.5,10447.150390625,10458.349609375,176000,14.069999694824219,0.0072861021352281785,-0.05162913171864347,LOW,BEAR
2018-03-05,10428.2998046875,10428.7001953125,10323.900390625,10358.849609375,194000,15.399999618530273,-0.012601236079675449,-0.05973102759556381,MID,BEAR
2018-03-06,10420.5,10441.349609375,10215.900390625,10249.25,222900,16.25,-0.03149978471071413,-0.047520549777681054,MID,BEAR
2018-03-07,10232.9501953125,10243.349609375,10141.5498046875,10154.2001953125,249500,15.699999809265137,-0.03790868335929809,-0.04803330212266421,MID,BEAR
2018-03-08,10216.25,10270.349609375,10146.400390625,10242.650390625,226400,14.59000015258789,-0.023844735039989073,-0.024346877753435137,LOW,NEUTRAL
2018-03-09,10271.2998046875,10296.7001953125,10211.900390625,10226.849609375,186500,14.529999732971191,-0.02213542371852628,-0.02384821377720525,LOW,NEUTRAL
2018-03-12,10301.599609375,10433.650390625,10295.4501953125,10421.400390625,216400,14.489999771118164,0.006038390710237707,-0.01469711913197802,LOW,NEUTRAL
2018-03-13,10389.5,10478.599609375,10377.849609375,10426.849609375,266700,14.460000038146973,0.017328059065297552,-0.002687778077613334,LOW,NEUTRAL
2018-03-14,10393.0498046875,10420.349609375,10336.2998046875,10410.900390625,181400,14.359999656677246,0.025280198378499597,-0.012225110593230393,LOW,NEUTRAL
2018-03-15,10405.4501953125,10420.0,10346.2001953125,10360.150390625,173900,14.329999923706055,0.011471640202378452,-0.013403612525042075,LOW,NEUTRAL
2018-03-16,10345.150390625,10346.2998046875,10180.25,10195.150390625,328500,15.220000267028809,-0.0030996074021604203,-0.033222664584419914,MID,BEAR
2018-03-19,10215.349609375,10224.5498046875,10075.2998046875,10094.25,210200,15.819999694824219,-0.031392171719964,-0.03425560033466768,MID,BEAR
2018-03-20,10051.5498046875,10155.650390625,10049.099609375,10124.349609375,203000,15.609999656677246,-0.029011639309347692,-0.024478799399519136,MID,NEUTRAL
2018-03-21,10181.9501953125,10227.2998046875,10132.9501953125,10155.25,204800,15.109999656677246,-0.024556030797798556,-0.019801395977962266,MID,NEUTRAL
2018-03-22,10167.5,10207.849609375,10105.400390625,10114.75,230500,15.25,-0.023686952541448147,-0.027189377203263754,MID,NEUTRAL
2018-03-23,9968.7998046875,10027.7001953125,9951.900390625,9998.0498046875,285700,15.550000190734863,-0.019332778662955796,-0.03704724044701391,MID,BEAR
2018-03-26,9989.150390625,10143.5,9958.5498046875,10130.650390625,262600,15.199999809265137,0.0036060520221907755,-0.03435303623298691,MID,BEAR
2018-03-27,10188.0,10207.900390625,10139.650390625,10184.150390625,225700,15.550000190734863,0.005906629418903631,-0.037651355381244755,MID,BEAR
2018-03-28,10143.599609375,10158.349609375,10096.900390625,10113.7001953125,344400,15.760000228881836,-0.004091460543807379,-0.04174598197213575,MID,BEAR
2018-04-02,10151.650390625,10220.099609375,10127.75,10211.7998046875,225400,15.350000381469727,0.009594879229590347,-0.026784888295396048,MID,NEUTRAL
2018-04-03,10186.849609375,10255.349609375,10171.0498046875,10245.0,205300,15.1899995803833,0.024699836481782533,-0.02039993090150194,MID,NEUTRAL
2018-04-04,10274.599609375,10279.849609375,10111.2998046875,10128.400390625,231100,16.34000015258789,-0.0002220982773309954,-0.022246603381657182,MID,NEUTRAL
2018-04-05,10228.4501953125,10331.7998046875,10227.4501953125,10325.150390625,236800,14.800000190734863,0.01384504299247169,0.007405458021318534,LOW,NEUTRAL
2018-04-06,10322.75,10350.4501953125,10290.849609375,10331.599609375,200200,14.75,0.02154497462397509,0.01747054525716285,LOW,NEUTRAL
2018-04-09,10333.7001953125,10397.7001953125,10328.5,10379.349609375,221600,14.869999885559082,0.01640747056269065,0.013346078752733748,LOW,NEUTRAL
2018-04-10,10412.900390625,10424.849609375,10381.5,10402.25,251700,14.5,0.01534895070766229,0.01715096997849752,LOW,NEUTRAL
2018-04-11,10428.150390625,10428.150390625,10355.599609375,10417.150390625,250400,14.720000267028809,0.028508944044833617,-0.0004078146737191979,LOW,NEUTRAL
2018-04-12,10410.650390625,10469.900390625,10395.25,10458.650390625,238600,14.5600004196167,0.012929593754025692,0.0030498935384477566,LOW,NEUTRAL
2018-04-13,10495.2998046875,10519.900390625,10451.4501953125,10480.599609375,213100,14.140000343322754,0.014421774520258834,0.006694831007389546,LOW,NEUTRAL
2018-04-16,10398.2998046875,10540.150390625,10396.349609375,10528.349609375,195000,14.260000228881836,0.014355427421523403,0.016235210147355073,LOW,NEUTRAL
2018-04-17,10557.2998046875,10560.4501953125,10495.650390625,10548.7001953125,206100,14.039999961853027,0.014078703675887372,0.034678233389534796,LOW,BULL
2018-04-18,10578.900390625,10594.2001953125,10509.7001953125,10526.2001953125,205400,14.109999656677246,0.010468295128544858,0.04279170768630647,LOW,BULL
2018-04-19,10563.650390625,10572.2001953125,10546.2001953125,10565.2998046875,262600,13.75,0.010197244393798544,0.043553434277317615,LOW,BULL
2018-04-20,10560.349609375,10582.349609375,10527.4501953125,10564.0498046875,244600,12.9399995803833,0.007962349333319851,0.04025502126363212,LOW,BULL
2018-04-23,10592.7998046875,10638.349609375,10514.9501953125,10584.7001953125,194200,13.149999618530273,0.005352271536207542,0.04646186957784426,LOW,BULL
2018-04-24,10578.099609375,10636.7998046875,10569.0,10614.349609375,219200,11.899999618530273,0.006223460032703576,0.06164200186305857,LOW,BULL
2018-04-25,10612.400390625,10612.599609375,10536.4501953125,10570.5498046875,189200,12.399999618530273,0.0042132591582999535,0.04342262313874601,LOW,BULL
2018-04-26,10586.5,10628.400390625,10559.650390625,10617.7998046875,335100,12.039999961853027,0.004969097041307657,0.042580814052166405,LOW,BULL
2018-04-27,10651.650390625,10719.7998046875,10647.5498046875,10692.2998046875,0,12.020000457763672,0.012140230533852048,0.057209487942224024,LOW,BULL
2018-04-30,10705.75,10759.0,10704.599609375,10739.349609375,173800,12.359999656677246,0.014610656060999094,0.051660805614828,LOW,BULL
2018-05-02,10783.849609375,10784.650390625,10689.7998046875,10718.0498046875,229700,12.84000015258789,0.009769811540869977,0.046173724225231805,LOW,BULL
2018-05-03,10720.150390625,10720.599609375,10647.4501953125,10679.650390625,185200,12.989999771118164,0.010321183661527122,0.05442616590377347,LOW,BULL
2018-05-04,10700.4501953125,10700.4501953125,10601.599609375,10618.25,186500,13.25,4.240005658240342e-05,0.028386957892751585,LOW,NEUTRAL
2018-05-07,10653.150390625,10725.650390625,10635.650390625,10715.5,168400,13.760000228881836,0.0021698040399436014,0.03715788504585915,LOW,BULL
2018-05-08,10757.900390625,10758.5498046875,10689.400390625,10717.7998046875,269800,14.0600004196167,-0.002006621021880872,0.03260803499737586,LOW,BULL
2018-05-09,10693.349609375,10766.25,10689.849609375,10741.7001953125,215400,14.270000457763672,0.002206594581661392,0.032632381966641866,LOW,BULL
2018-05-10,10779.650390625,10785.5498046875,10705.0,10716.5498046875,192100,14.430000305175781,0.003455114419746552,0.02874100908939048,LOW,NEUTRAL
2018-05-11,10741.9501953125,10812.0498046875,10724.4501953125,10806.5,203100,13.979999542236328,0.017728910131142195,0.033259512115139334,LOW,BULL
2018-05-14,10815.150390625,10834.849609375,10774.75,10806.599609375,171400,14.25,0.008501666686108855,0.0311050905626038,LOW,BULL
2018-05-15,10812.599609375,10929.2001953125,10781.400390625,10801.849609375,254300,13.170000076293945,0.007842076379402041,0.025977480815840392,LOW,NEUTRAL
2018-05-16,10751.9501953125,10790.4501953125,10699.7001953125,10741.099609375,231100,13.4399995803833,-5.5911627263816044e-05,0.018239158427120428,LOW,NEUTRAL
2018-05-17,10775.599609375,10777.25,10664.5,10682.7001953125,214100,13.40999984741211,-0.00315862940889744,0.01486766326843103,LOW,NEUTRAL
2018-05-18,10671.849609375,10674.9501953125,10589.099609375,10596.400390625,223000,14.149999618530273,-0.019441966351270046,0.002943653896475551,LOW,NEUTRAL
2018-05-21,10616.7001953125,10621.7001953125,10505.7998046875,10516.7001953125,0,14.40999984741211,-0.02682614555377849,-0.004482145602341836,LOW,NEUTRAL
2018-05-22,10518.4501953125,10558.599609375,10490.5498046875,10536.7001953125,241700,13.600000381469727,-0.024546667806999878,-0.004534847384837337,LOW,NEUTRAL
2018-05-23,10521.099609375,10533.5498046875,10417.7998046875,10430.349609375,290900,14.15999984741211,-0.028930929914174897,-0.01733502350793914,LOW,NEUTRAL
2018-05-24,10464.849609375,10535.150390625,10419.7998046875,10513.849609375,297600,13.149999618530273,-0.015805983772865795,-0.005363977878175885,LOW,NEUTRAL
2018-05-25,10533.0498046875,10628.0498046875,10524.0,10605.150390625,260800,12.649999618530273,0.0008257521117964739,-0.0011913404184655807,LOW,NEUTRAL
2018-05-28,10648.349609375,10709.7998046875,10640.5498046875,10688.650390625,232600,13.0600004196167,0.016350204162817406,-0.0003413123583478894,LOW,NEUTRAL
2018-05-29,10689.400390625,10717.25,10616.099609375,10633.2998046875,225800,13.069999694824219,0.00916791856884891,-0.009874881491419463,LOW,NEUTRAL
2018-05-30,10579.0,10648.7001953125,10558.4501953125,10614.349609375,238700,13.40999984741211,0.017640827670303283,-0.009675285821787005,LOW,NEUTRAL
2018-05-31,10670.099609375,10763.7998046875,10620.400390625,10736.150390625,610300,13.220000267028809,0.021143614328644977,0.005290435354475376,LOW,NEUTRAL
2018-06-01,10738.4501953125,10764.75,10681.5,10696.2001953125,220600,13.569999694824219,0.008585432675050741,0.007341152761754621,LOW,NEUTRAL
2018-06-04,10765.9501953125,10770.2998046875,10618.349609375,10628.5,203800,13.880000114440918,-0.0056275009871926684,-0.008119079837618393,LOW,NEUTRAL
2018-06-05,10630.7001953125,10633.150390625,10550.900390625,10593.150390625,167700,13.319999694824219,-0.00377581887090217,-0.01163013084159159,LOW,NEUTRAL
2018-06-06,10603.4501953125,10698.349609375,10587.5,10684.650390625,189900,12.550000190734863,0.006623183128235066,-0.005311059110772343,LOW,NEUTRAL
2018-06-07,10722.599609375,10818.0,10722.599609375,10768.349609375,220900,12.779999732971191,0.002999140062169392,0.0048336270191029485,LOW,NEUTRAL
2018-06-08,10736.400390625,10779.4501953125,10709.0498046875,10767.650390625,209400,12.699999809265137,0.006679960547467445,-0.0035950223823624228,LOW,NEUTRAL
2018-06-11,10781.849609375,10850.5498046875,10777.0498046875,10786.9501953125,211400,13.180000305175781,0.01490804867220219,-0.0018182790861848153,LOW,NEUTRAL
2018-06-12,10816.150390625,10856.5498046875,10789.400390625,10842.849609375,198300,12.729999542236328,0.023571761897290378,0.003795646253435647,LOW,NEUTRAL
2018-06-13,10887.5,10893.25,10842.650390625,10856.7001953125,213400,12.640000343322754,0.0161025207561738,0.010762453579389764,LOW,NEUTRAL
2018-06-14,10832.900390625,10833.7001953125,10773.5498046875,10808.0498046875,184300,12.100000381469727,0.0036867483646645383,0.011733888163406814,LOW,NEUTRAL
2018-06-15,10808.650390625,10834.0,10755.400390625,10817.7001953125,305400,12.069999694824219,0.00464816397930945,0.020884432121241137,LOW,NEUTRAL
2018-06-18,10830.2001953125,10830.2001953125,10787.349609375,10799.849609375,196600,12.380000114440918,0.0011958351368031028,0.026923788717368335,LOW,NEUTRAL
2018-06-19,10789.4501953125,10789.4501953125,10701.2001953125,10710.4501953125,224500,12.920000076293945,-0.0122107581339157,0.016489982326468366,LOW,NEUTRAL
2018-06-20,10734.650390625,10781.7998046875,10724.0498046875,10772.0498046875,193500,12.170000076293945,-0.0077970644028236835,0.03276018619791743,LOW,BULL
2018-06-21,10808.4501953125,10809.599609375,10725.900390625,10741.099609375,223600,12.449999809265137,-0.006194475092394902,0.02161434759323222,LOW,NEUTRAL
2018-06-22,10742.7001953125,10837.0,10710.4501953125,10821.849609375,229800,12.020000457763672,0.00038357635981611793,0.0204333942252779,LOW,NEUTRAL
2018-06-25,10822.900390625,10831.0498046875,10753.0498046875,10762.4501953125,229600,12.579999923706055,-0.0034629569313664454,0.006904501690150777,LOW,NEUTRAL
2018-06-26,10742.7001953125,10805.25,10732.5498046875,10769.150390625,220000,12.800000190734863,0.00548064686750438,0.012775957457497045,LOW,NEUTRAL
2018-06-27,10785.5,10785.5,10652.400390625,10671.400390625,246000,13.510000228881836,-0.009343571176091525,0.005374873011494863,LOW,NEUTRAL
2018-06-28,10660.7998046875,10674.2001953125,10557.7001953125,10589.099609375,352300,13.949999809265137,-0.014151251317633395,-0.013696788504230284,LOW,NEUTRAL
2018-06-29,10612.849609375,10723.0498046875,10612.349609375,10714.2998046875,242800,12.9399995803833,-0.009938209138882215,0.0016921531987530436,LOW,NEUTRAL
2018-07-02,10732.349609375,10736.150390625,10604.650390625,10657.2998046875,295400,13.369999885559082,-0.009770116350531155,0.002709677253375453,LOW,NEUTRAL
2018-07-03,10668.599609375,10713.2998046875,10630.25,10699.900390625,202100,13.0,-0.006430405137649919,0.01007726654145058,LOW,NEUTRAL
2018-07-04,10715.0,10777.150390625,10677.75,10769.900390625,173900,12.65999984741211,0.009230278725792518,0.00797873555832962,LOW,NEUTRAL
2018-07-05,10786.0498046875,10786.0498046875,10726.25,10749.75,220500,12.579999923706055,0.015171298462691718,-0.001727247911676888,LOW,NEUTRAL
2018-07-06,10744.150390625,10816.349609375,10735.0498046875,10772.650390625,0,12.4399995803833,0.005446047525380138,0.0004643538579551798,LOW,NEUTRAL
2018-07-09,10838.2998046875,10860.349609375,10807.150390625,10852.900390625,183600,12.390000343322754,0.01835367208600691,0.006113887068947443,LOW,NEUTRAL
2018-07-10,10902.75,10956.900390625,10876.650390625,10947.25,197000,12.399999618530273,0.02311700112570403,0.009628501213807539,LOW,NEUTRAL
2018-07-11,10956.400390625,10976.650390625,10923.0,10948.2998046875,222300,12.779999732971191,0.016564629902964922,0.008437150121779036,LOW,NEUTRAL
2018-07-12,11006.9501953125,11078.2998046875,10999.650390625,11023.2001953125,248300,12.510000228881836,0.025437819048117483,0.019906495113640954,LOW,NEUTRAL
2018-07-13,11056.900390625,11071.349609375,10999.75,11018.900390625,0,12.300000190734863,0.02285881292632519,0.01859916541222728,LOW,NEUTRAL
2018-07-16,11018.9501953125,11019.5,10926.25,10936.849609375,210500,12.949999809265137,0.007735187436394231,0.012685361829582797,LOW,NEUTRAL
2018-07-17,10939.650390625,11018.5,10925.599609375,11008.0498046875,210600,12.829999923706055,0.005553888390920081,0.0277859103910727,LOW,NEUTRAL
2018-07-18,11060.2001953125,11076.2001953125,10956.2998046875,10980.4501953125,225500,13.680000305175781,0.0029365646902759224,0.01934640058332393,LOW,NEUTRAL
2018-07-19,10999.5,11006.5,10935.4501953125,10957.099609375,215400,13.59000015258789,-0.005996496912539895,0.020109672925058053,LOW,NEUTRAL
2018-07-20,10963.5,11030.25,10946.2001953125,11010.2001953125,187300,13.539999961853027,-0.0007895701934017563,0.017404657497211096,LOW,NEUTRAL
2018-07-23,11019.849609375,11093.400390625,11010.9501953125,11084.75,229100,13.010000228881836,0.013523125571574202,0.029946694185667422,LOW,NEUTRAL
2018-07-24,11109.0,11143.400390625,11092.5,11134.2998046875,205800,12.470000267028809,0.011468879796150633,0.03390698437830131,LOW,BULL
2018-07-25,11148.400390625,11157.150390625,11113.25,11132.0,205900,12.210000038146973,0.013801784261286087,0.043162058634745204,LOW,BULL
2018-07-26,11132.9501953125,11185.849609375,11125.7001953125,11167.2998046875,365400,12.029999732971191,0.01918392665999402,0.05460333896572234,LOW,BULL
2018-07-27,11232.75,11283.400390625,11210.25,11278.349609375,314600,12.3100004196167,0.024354635638383915,0.05264457920439458,LOW,BULL
2018-07-30,11296.650390625,11328.099609375,11261.4501953125,11319.5498046875,278800,12.59000015258789,0.02118223727982138,0.06214050576945551,LOW,BULL
2018-07-31,11311.0498046875,11366.0,11267.75,11356.5,256500,12.479999542236328,0.01995636898684494,0.06136502073891248,LOW,BULL
2018-08-01,11359.7998046875,11390.5498046875,11313.5498046875,11346.2001953125,269700,12.529999732971191,0.01924184291344777,0.05351022607313616,LOW,BULL
2018-08-02,11328.900390625,11328.900390625,11234.9501953125,11244.7001953125,210000,12.5600004196167,0.006930985285495073,0.0460429493999861,LOW,BULL
2018-08-03,11297.7998046875,11368.0,11294.5498046875,11360.7998046875,218300,12.079999923706055,0.007310484083944635,0.05459653778185758,LOW,BULL
2018-08-06,11401.5,11427.650390625,11370.599609375,11387.099609375,203700,12.5600004196167,0.005967534562154375,0.049221793209440534,LOW,BULL
2018-08-07,11423.150390625,11428.9501953125,11359.7001953125,11389.4501953125,226400,12.579999923706055,0.0029014392913748743,0.04039372402315644,LOW,BULL
2018-08-08,11412.5,11459.9501953125,11379.2998046875,11450.0,210500,12.539999961853027,0.009148419990895551,0.04582448455582999,LOW,BULL
2018-08-09,11493.25,11495.2001953125,11454.099609375,11470.7001953125,302200,12.680000305175781,0.020098357099303632,0.04059619639225054,LOW,BULL
2018-08-10,11474.9501953125,11478.75,11419.650390625,11429.5,0,12.850000381469727,0.006047126654247892,0.037263210921149925,LOW,BULL
2018-08-13,11369.599609375,11406.2998046875,11340.2998046875,11355.75,246900,13.399999618530273,-0.002753081157662818,0.0383017418714362,LOW,BULL
2018-08-14,11381.7001953125,11452.4501953125,11370.7998046875,11435.099609375,232600,13.279999732971191,0.004008043696550612,0.03879431981727155,LOW,BULL
2018-08-16,11397.150390625,11449.849609375,11366.25,11385.0498046875,290600,13.649999618530273,-0.005672506140829703,0.036847269663653925,LOW,BULL
2018-08-17,11437.150390625,11486.4501953125,11431.7998046875,11470.75,234700,13.15999984741211,4.34190473574958e-06,0.046878317158449034,LOW,BULL
2018-08-20,11502.099609375,11565.2998046875,11499.650390625,11551.75,232600,13.029999732971191,0.010696005949516696,0.04918619053975615,LOW,BULL
2018-08-21,11576.2001953125,11581.75,11539.599609375,11570.900390625,224200,12.899999618530273,0.01894638316491637,0.04385758728207678,LOW,BULL
2018-08-23,11620.7001953125,11620.7001953125,11546.7001953125,11582.75,248500,12.760000228881836,0.01291203362181026,0.040276461311352874,LOW,BULL
2018-08-24,11566.599609375,11604.599609375,11532.0,11557.099609375,218800,12.40999984741211,0.015111906196199731,0.03818717295858787,LOW,BULL
2018-08-27,11605.849609375,11700.9501953125,11595.599609375,11691.9501953125,199500,12.239999771118164,0.019283847639648632,0.046980953301242634,LOW,BULL
2018-08-28,11731.9501953125,11760.2001953125,11710.5,11738.5,241900,12.430000305175781,0.016166381717055867,0.04079944376280942,LOW,BULL
2018-08-29,11744.9501953125,11753.2001953125,11678.849609375,11691.900390625,251600,12.4399995803833,0.010457267448092278,0.032894469511791646,LOW,BULL
2018-08-30,11694.75,11698.7998046875,11639.7001953125,11676.7998046875,313800,12.40999984741211,0.00811981651054361,0.028204094984149997,LOW,NEUTRAL
2018-08-31,11675.849609375,11727.650390625,11640.099609375,11680.5,346500,12.600000381469727,0.010677453236182188,0.029463591240493914,LOW,NEUTRAL
2018-09-03,11751.7998046875,11751.7998046875,11567.400390625,11582.349609375,234400,13.390000343322754,-0.009374020938050287,0.030027426983180394,LOW,BULL
2018-09-04,11598.75,11602.5498046875,11496.849609375,11520.2998046875,254800,13.779999732971191,-0.018588422312263098,0.014039504501627498,LOW,NEUTRAL
2018-09-05,11514.849609375,11542.650390625,11393.849609375,11476.9501953125,246100,13.649999618530273,-0.018384538708938636,0.007890559406675157,LOW,NEUTRAL
2018-09-06,11514.150390625,11562.25,11436.0498046875,11536.900390625,247900,13.720000267028809,-0.011980972218633035,0.012946208358080913,LOW,NEUTRAL
2018-09-07,11558.25,11603.0,11484.400390625,11589.099609375,295900,13.890000343322754,-0.007825040933607252,0.012148437500000053,LOW,NEUTRAL
2018-09-10,11570.25,11573.0,11427.2998046875,11438.099609375,286700,15.199999809265137,-0.01245429510116336,-0.002842074623380153,MID,NEUTRAL
2018-09-11,11476.849609375,11479.400390625,11274.0,11287.5,0,15.329999923706055,-0.020207790477186682,-0.012423990550767705,MID,NEUTRAL
2018-09-12,11340.099609375,11380.75,11250.2001953125,11369.900390625,268200,14.25,-0.009327373811487183,0.0012460991678224786,LOW,NEUTRAL
2018-09-14,11443.5,11523.25,11430.5498046875,11515.2001953125,276600,13.84000015258789,-0.0018809380836930512,0.007004800016943369,LOW,NEUTRAL
2018-09-17,11464.9501953125,11464.9501953125,11366.900390625,11377.75,201400,14.5,-0.01823693095225698,-0.0006411745941150571,LOW,NEUTRAL
2018-09-18,11381.5498046875,11411.4501953125,11268.9501953125,11278.900390625,240900,14.420000076293945,-0.013918327710620404,-0.01672511469389537,LOW,NEUTRAL
2018-09-19,11326.650390625,11332.0498046875,11210.900390625,11234.349609375,250600,14.010000228881836,-0.004708783222591384,-0.027476390211439772,LOW,NEUTRAL
2018-09-21,11271.2998046875,11346.7998046875,10866.4501953125,11143.099609375,719000,15.539999961853027,-0.019947473017178585,-0.03697212548788453,MID,BEAR
2018-09-24,11164.400390625,11170.150390625,10943.599609375,10967.400390625,0,17.43000030517578,-0.04757188719224292,-0.053126382713517994,MID,BEAR
2018-09-25,10969.9501953125,11080.599609375,10882.849609375,11067.4501953125,405000,16.68000030517578,-0.027272510354639512,-0.0423678457928407,MID,BEAR
2018-09-26,11145.5498046875,11145.5498046875,10993.0498046875,11053.7998046875,340500,17.09000015258789,-0.01995767123935266,-0.054580320644954994,MID,BEAR
2018-09-27,11079.7998046875,11089.4501953125,10953.349609375,10977.5498046875,405700,16.920000076293945,-0.022858448741278403,-0.06482516465583332,MID,BEAR
2018-09-28,11008.099609375,11034.099609375,10850.2998046875,10930.4501953125,478100,17.0,-0.01908350652125479,-0.06512629853766627,MID,BEAR
2018-10-01,10930.900390625,11035.650390625,10821.5498046875,11008.2998046875,387000,16.84000015258789,0.0037291803532093493,-0.05725027500528346,MID,BEAR
2018-10-03,10982.7001953125,10989.0498046875,10843.75,10858.25,386800,18.1200008392334,-0.01890229380938213,-0.07039510294936002,MID,BEAR
2018-10-04,10754.7001953125,10754.7001953125,10547.25,10599.25,425100,18.920000076293945,-0.04112158829715218,-0.0848791171507427,MID,BEAR
2018-10-05,10514.099609375,10540.650390625,10261.900390625,10316.4501953125,606400,19.729999542236328,-0.060222874970943474,-0.10449811461375036,MID,BEAR
2018-10-08,10310.150390625,10398.349609375,10198.400390625,10348.0498046875,456200,20.149999618530273,-0.05328237906200439,-0.09836240215506675,HIGH,BEAR
2018-10-09,10390.2998046875,10397.599609375,10279.349609375,10301.0498046875,430500,19.760000228881836,-0.06424697842066784,-0.10712154427039733,MID,BEAR
2018-10-10,10331.849609375,10482.349609375,10318.25,10460.099609375,0,17.90999984741211,-0.0366680073331338,-0.09741912987672452,MID,BEAR
2018-10-11,10169.7998046875,10335.9501953125,10138.599609375,10234.650390625,483500,20.549999237060547,-0.034398623428544495,-0.10521408799094722,HIGH,BEAR
2018-10-12,10331.5498046875,10492.4501953125,10322.150390625,10472.5,343500,18.6299991607666,0.015126308151849122,-0.07220376522702099,MID,BEAR
2018-10-15,10524.2001953125,10526.2998046875,10410.150390625,10512.5,259500,18.889999389648438,0.015891902186053075,-0.07540966597490739,MID,BEAR
2018-10-16,10550.150390625,10604.900390625,10525.2998046875,10584.75,265200,17.3700008392334,0.027540901237406157,-0.08080191221436683,MID,BEAR
2018-10-17,10688.7001953125,10710.150390625,10436.4501953125,10453.0498046875,284800,17.979999542236328,-0.0006739710854360981,-0.08127267652325809,MID,BEAR
2018-10-19,10339.7001953125,10380.099609375,10249.599609375,10303.5498046875,357500,19.790000915527344,0.006731975341884855,-0.08647568044383203,MID,BEAR
2018-10-22,10405.849609375,10408.5498046875,10224.0,10245.25,297300,21.360000610351562,-0.021699689663404187,-0.08804244515851656,HIGH,BEAR
2018-10-23,10152.599609375,10222.099609375,10102.349609375,10146.7998046875,302600,19.040000915527344,-0.03478717672413789,-0.08940957539761063,MID,BEAR
2018-10-24,10278.150390625,10290.650390625,10126.7001953125,10224.75,351400,18.8799991607666,-0.0340111953518033,-0.06771435018090721,MID,BEAR
2018-10-25,10135.0498046875,10166.599609375,10079.2998046875,10124.900390625,0,18.959999084472656,-0.03139269593026783,-0.08516413338699336,MID,BEAR
2018-10-26,10122.349609375,10128.849609375,10004.5498046875,10030.0,364300,19.229999542236328,-0.026549083555946096,-0.09261971654791012,MID,BEAR
2018-10-29,10078.099609375,10275.2998046875,10020.349609375,10250.849609375,364400,19.829999923706055,0.0005465566360021157,-0.06619876094774746,MID,BEAR
2018-10-30,10239.400390625,10285.099609375,10175.349609375,10198.400390625,289800,20.5,0.005085404948431238,-0.0669734358243943,HIGH,BEAR
2018-10-31,10209.5498046875,10396.0,10105.099609375,10386.599609375,375000,19.799999237060547,0.01582919967480878,-0.05647558717902745,MID,BEAR
2018-11-01,10441.7001953125,10441.900390625,10341.900390625,10380.4501953125,348500,19.190000534057617,0.025239735190295987,-0.04400338955978178,MID,BEAR
2018-11-02,10462.2998046875,10606.9501953125,10457.7001953125,10553.0,421200,18.229999542236328,0.052143569292123715,-0.004363516286529756,MID,NEUTRAL
2018-11-05,10558.75,10558.7998046875,10477.0,10524.0,301900,19.479999542236328,0.026646609894187545,0.020118335353550565,MID,NEUTRAL
2018-11-06,10552.0,10600.25,10491.4501953125,10530.0,0,18.510000228881836,0.03251486475073362,0.01758304209456729,MID,NEUTRAL
2018-11-07,10614.4501953125,10616.4501953125,10582.2998046875,10598.400390625,31200,17.719999313354492,0.020391734467055667,0.028866046818081692,MID,NEUTRAL
2018-11-09,10614.7001953125,10619.5498046875,10544.849609375,10585.2001953125,296600,17.770000457763672,0.019724578043104346,0.011959789161603895,MID,NEUTRAL
2018-11-12,10607.7998046875,10645.5,10464.0498046875,10482.2001953125,259700,19.3700008392334,-0.006708974195726358,0.024187421674340515,MID,NEUTRAL
2018-11-13,10451.900390625,10596.25,10440.5498046875,10582.5,254600,18.700000762939453,0.005558722919042136,0.010503700167104224,MID,NEUTRAL
2018-11-14,10634.900390625,10651.599609375,10532.7001953125,10576.2998046875,384500,18.829999923706055,0.00439694251543199,0.006068946938168951,MID,NEUTRAL
2018-11-15,10580.599609375,10646.5,10557.5,10616.7001953125,0,18.450000762939453,0.0017266572325091989,0.003018512039727028,MID,NEUTRAL
2018-11-16,10644.0,10695.150390625,10631.150390625,10682.2001953125,342800,18.350000381469727,0.009163737880267586,0.021921869206271483,MID,NEUTRAL
2018-11-19,10731.25,10774.7001953125,10688.7998046875,10763.400390625,272100,19.260000228881836,0.026826447699238587,0.04463030651128563,MID,BULL
2018-11-20,10740.099609375,10740.849609375,10640.849609375,10656.2001953125,295200,19.329999923706055,0.006964346356012285,0.040111290140552924,MID,BULL
2018-11-21,10670.9501953125,10671.2998046875,10562.349609375,10600.0498046875,300900,19.559999465942383,0.002245586872402505,0.044669256191554485,MID,BULL
2018-11-22,10612.650390625,10646.25,10512.0,10526.75,239500,19.15999984741211,-0.00847251911212632,0.02953617447859358,MID,NEUTRAL
2018-11-26,10568.2998046875,10637.7998046875,10489.75,10628.599609375,0,20.399999618530273,-0.005017747744609835,0.049748560412149034,HIGH,BULL
2018-11-27,10621.4501953125,10695.150390625,10596.349609375,10685.599609375,0,18.31999969482422,-0.00722827158950301,0.06536386932951155,MID,BULL
2018-11-28,10708.75,10757.7998046875,10699.849609375,10728.849609375,424500,17.959999084472656,0.006817572186233578,0.04663028121716284,MID,BULL
2018-11-29,10808.7001953125,10883.0498046875,10782.349609375,10858.7001953125,691300,18.700000762939453,0.024400865598822152,0.06474542863550337,MID,BULL
2018-11-30,10892.099609375,10922.4501953125,10835.099609375,10876.75,453900,19.15999984741211,0.03324862849407473,0.047190650362856745,MID,BULL
2018-12-03,10930.7001953125,10941.2001953125,10845.349609375,10883.75,409700,18.219999313354492,0.02400602148941089,0.0484853542204533,MID,BULL
2018-12-04,10877.099609375,10890.9501953125,10833.349609375,10869.5,322100,18.110000610351562,0.017210114298467083,0.02999147161944471,MID,NEUTRAL
2018-12-05,10820.4501953125,10821.0498046875,10747.9501953125,10782.900390625,312300,18.389999389648438,0.005037891593034249,0.024600949318225096,MID,NEUTRAL
2018-12-06,10718.150390625,10722.650390625,10588.25,10601.150390625,318500,19.309999465942383,-0.023718290408153986,0.006756922186609726,MID,NEUTRAL
2018-12-07,10644.7998046875,10704.5498046875,10599.349609375,10693.7001953125,325800,18.59000015258789,-0.01682945775967082,0.00899190454927501,MID,NEUTRAL
2018-12-10,10508.7001953125,10558.849609375,10474.9501953125,10488.4501953125,381300,20.440000534057617,-0.0363201841908809,-0.009140119999132779,HIGH,NEUTRAL
2018-12-11,10350.0498046875,10567.150390625,10333.849609375,10549.150390625,425500,17.950000762939453,-0.02947234089654538,0.0063870365061753365,MID,NEUTRAL
2018-12-12,10591.0,10752.2001953125,10560.7998046875,10737.599609375,360500,15.8100004196167,-0.004201168480549633,0.01465623523505788,MID,NEUTRAL
2018-12-13,10810.75,10838.599609375,10749.5,10791.5498046875,376200,15.550000190734863,0.01796025969321957,0.0203521083909326,MID,NEUTRAL
2018-12-14,10784.5,10815.75,10752.099609375,10805.4501953125,340100,15.15999984741211,0.010450077892494525,0.017778593774677498,MID,NEUTRAL
2018-12-17,10853.2001953125,10900.349609375,10844.849609375,10888.349609375,296900,14.539999961853027,0.03812759813086819,0.019298403914294937,LOW,NEUTRAL
2018-12-18,10850.900390625,10915.400390625,10819.099609375,10908.7001953125,286100,14.579999923706055,0.034083294992839575,0.013499433210164336,LOW,NEUTRAL
2018-12-19,10930.5498046875,10985.150390625,10928.0,10967.2998046875,312100,14.65999984741211,0.0213921363869769,0.02919423468713056,LOW,NEUTRAL
2018-12-20,10885.2001953125,10962.5498046875,10880.0498046875,10951.7001953125,318900,14.329999923706055,0.014840351341883773,0.03317440928150117,LOW,BULL
2018-12-21,10944.25,10963.650390625,10738.650390625,10754.0,377500,15.989999771118164,-0.004761504091224222,0.02158785950079567,MID,NEUTRAL
2018-12-24,10780.900390625,10782.2998046875,10649.25,10663.5,223400,15.75,-0.02065047665087849,0.003283630196607934,MID,NEUTRAL
2018-12-26,10635.4501953125,10747.5,10534.5498046875,10729.849609375,263700,15.920000076293945,-0.016395224246272044,0.0041410872218323735,MID,NEUTRAL
2018-12-27,10817.900390625,10834.2001953125,10764.4501953125,10779.7998046875,456100,16.06999969482422,-0.017096277419156647,0.004748896402460456,MID,NEUTRAL
2018-12-28,10820.9501953125,10893.599609375,10817.150390625,10859.900390625,245500,15.270000457763672,-0.00838224230487905,0.00011052845100345543,MID,NEUTRAL
2018-12-31,10913.2001953125,10923.5498046875,10853.2001953125,10862.5498046875,180900,16.0,0.010093900380091059,-0.001305554996896996,MID,NEUTRAL
2019-01-02,10868.849609375,10895.349609375,10735.0498046875,10792.5,309700,16.389999389648438,0.01209734139822749,-0.008384058803261762,MID,NEUTRAL
2019-01-03,10796.7998046875,10814.0498046875,10661.25,10672.25,286200,16.790000915527344,-0.0053681655821786745,-0.01814710888265325,MID,NEUTRAL
2019-01-04,10699.7001953125,10741.0498046875,10628.650390625,10727.349609375,296600,16.15999984741211,-0.00486560012827808,-0.005151747603854173,MID,NEUTRAL
2019-01-07,10804.849609375,10835.9501953125,10750.150390625,10771.7998046875,269400,16.299999237060547,-0.008112467220560693,0.016097254333210076,MID,NEUTRAL
2019-01-08,10786.25,10818.4501953125,10733.25,10802.150390625,277700,15.699999809265137,-0.005560334833763947,0.010141503252544704,MID,NEUTRAL
2019-01-09,10862.400390625,10870.400390625,10749.400390625,10855.150390625,333000,15.270000457763672,0.005804993340282616,0.034962285989248,MID,BULL
2019-01-10,10859.349609375,10859.349609375,10801.7998046875,10821.599609375,254400,15.350000381469727,0.013994200789430478,0.025826650361542303,MID,NEUTRAL
2019-01-11,10834.75,10850.150390625,10739.400390625,10794.9501953125,260800,15.350000381469727,0.006301704372384975,0.00534109931678084,MID,NEUTRAL
2019-01-14,10807.0,10808.0,10692.349609375,10737.599609375,298800,16.15999984741211,-0.0031749750211303995,-0.004999300034649878,MID,NEUTRAL
2019-01-15,10777.5498046875,10896.9501953125,10777.5498046875,10886.7998046875,310700,15.579999923706055,0.007836348412253669,0.007528571961794794,MID,NEUTRAL
2019-01-16,10899.650390625,10928.150390625,10876.900390625,10890.2998046875,276500,16.079999923706055,0.003238040266384301,0.00017910843998070192,MID,NEUTRAL
2019-01-17,10920.849609375,10930.650390625,10844.650390625,10905.2001953125,271700,16.239999771118164,0.007725344584461835,-0.00032084482452854335,MID,NEUTRAL
2019-01-18,10914.849609375,10928.2001953125,10852.2001953125,10906.9501953125,323800,16.6200008392334,0.010375221559487446,-0.005502686208067931,MID,NEUTRAL
2019-01-21,10919.349609375,10987.4501953125,10885.75,10961.849609375,288800,18.149999618530273,0.020884555967630503,0.0009267432345203552,MID,NEUTRAL
2019-01-22,10949.7998046875,10949.7998046875,10864.150390625,10922.75,300800,17.989999771118164,0.003302182088167127,0.015691835596057357,MID,NEUTRAL
2019-01-23,10931.0498046875,10944.7998046875,10811.9501953125,10831.5,298900,18.09000015258789,-0.005399282457053234,0.015754677169784737,MID,NEUTRAL
2019-01-24,10844.0498046875,10866.599609375,10798.650390625,10849.7998046875,361100,17.43000030517578,-0.005080180980887805,0.011179112446058515,MID,NEUTRAL
2019-01-25,10859.75,10931.7001953125,10756.4501953125,10780.5498046875,463400,17.690000534057617,-0.01158897660313174,6.957457592804417e-05,MID,NEUTRAL
2019-01-28,10792.4501953125,10804.4501953125,10630.9501953125,10661.5498046875,419700,18.899999618530273,-0.027394994037381437,-0.01826449403796826,MID,NEUTRAL
2019-01-29,10653.7001953125,10690.349609375,10583.650390625,10652.2001953125,356900,18.43000030517578,-0.024769385428349056,-0.01936466236354817,MID,NEUTRAL
2019-01-30,10702.25,10710.2001953125,10612.849609375,10651.7998046875,410100,17.850000381469727,-0.016590517962655205,-0.013036849229789205,MID,NEUTRAL
2019-01-31,10690.5498046875,10838.0498046875,10678.5498046875,10830.9501953125,604800,17.1200008392334,-0.0017373232423013585,0.014870359606690142,MID,NEUTRAL
2019-02-01,10851.349609375,10983.4501953125,10813.4501953125,10893.650390625,482300,15.720000267028809,0.010491170486344181,0.015502504095202152,MID,NEUTRAL
2019-02-04,10876.75,10927.900390625,10814.150390625,10912.25,318300,15.720000267028809,0.023514423316043143,0.013038693427200654,MID,NEUTRAL
2019-02-05,10908.650390625,10956.7001953125,10886.7001953125,10934.349609375,268100,15.779999732971191,0.02648743066119419,0.012238231645500308,MID,NEUTRAL
2019-02-06,10965.099609375,11072.599609375,10962.7001953125,11062.4501953125,298500,15.630000114440918,0.0385522069654638,0.01909690766389871,MID,NEUTRAL
2019-02-07,11070.4501953125,11118.099609375,11043.599609375,11069.400390625,263500,15.4399995803833,0.02201563030136522,0.022898720170290154,MID,NEUTRAL
2019-02-08,11023.5,11041.2001953125,10925.4501953125,10943.599609375,352800,15.569999694824219,0.004585168144645602,0.01377027326416469,MID,NEUTRAL
2019-02-11,10930.900390625,10930.900390625,10857.099609375,10888.7998046875,286000,15.84000015258789,-0.0021489789284977467,0.014081377664751704,MID,NEUTRAL
2019-02-12,10879.7001953125,10910.900390625,10823.7998046875,10831.400390625,292300,15.75,-0.009415211917289779,-0.0050886775780194515,MID,NEUTRAL
2019-02-14,10786.099609375,10792.7001953125,10718.75,10746.0498046875,627000,15.770000457763672,-0.028601294020656365,-0.013245732678352051,MID,NEUTRAL
2019-02-15,10780.25,10785.75,10620.400390625,10724.400390625,521900,16.459999084472656,-0.031166999821615526,-0.016579228390985024,MID,NEUTRAL
2019-02-18,10738.650390625,10759.900390625,10628.400390625,10640.9501953125,345400,18.0,-0.02765538075819507,-0.02438811906506355,MID,NEUTRAL
2019-02-19,10636.7001953125,10722.849609375,10585.650390625,10604.349609375,291500,18.469999313354492,-0.026123190839641208,-0.032613109351021574,MID,BEAR
2019-02-20,10655.4501953125,10752.7001953125,10646.400390625,10735.4501953125,289200,17.059999465942383,-0.008858521691760934,-0.017147678440639913,MID,NEUTRAL
2019-02-21,10744.099609375,10808.849609375,10721.5,10789.849609375,279600,16.049999237060547,0.004075898165704972,-0.0038453021857545178,MID,NEUTRAL
2019-02-22,10782.7001953125,10801.5498046875,10758.400390625,10791.650390625,396800,15.449999809265137,0.00627074685301654,-0.005359491890106316,MID,NEUTRAL
2019-02-25,10813.25,10887.099609375,10788.0498046875,10880.099609375,385900,15.359999656677246,0.022474441630959685,0.009234204793916456,MID,NEUTRAL
2019-02-26,10775.2998046875,10888.75,10729.2998046875,10835.2998046875,415000,17.110000610351562,0.021778817543729678,0.016296880208129583,MID,NEUTRAL
2019-02-27,10881.2001953125,10939.7001953125,10751.2001953125,10806.650390625,381100,18.899999618530273,0.0066322505360407735,0.014499370316046534,MID,NEUTRAL
2019-02-28,10865.7001953125,10865.7001953125,10784.849609375,10792.5,644200,18.280000686645508,0.0002456374019057517,0.013209053670965698,MID,NEUTRAL
2019-03-01,10842.650390625,10877.900390625,10823.099609375,10863.5,308500,16.270000457763672,0.006657888902462661,0.0030052584584487896,MID,NEUTRAL
2019-03-05,10864.849609375,10994.900390625,10817.0,10987.4501953125,373200,15.65999984741211,0.009866691463467747,0.008610502570215006,MID,NEUTRAL
2019-03-06,11024.849609375,11062.2998046875,10998.849609375,11053.0,372600,15.609999656677246,0.020091755580064374,0.012898348186670905,MID,NEUTRAL
2019-03-07,11077.9501953125,11089.0498046875,11027.099609375,11058.2001953125,321200,15.289999961853027,0.023277314949109895,0.011326744649842846,MID,NEUTRAL
2019-03-08,11038.849609375,11049.0,11008.9501953125,11035.400390625,326600,14.9399995803833,0.022506406358582254,-0.0024451910932862253,LOW,NEUTRAL
2019-03-11,11068.75,11180.900390625,11059.849609375,11168.0498046875,352200,14.899999618530273,0.02803422512887188,0.00891190223329974,LOW,NEUTRAL
2019-03-12,11231.349609375,11320.400390625,11227.0,11301.2001953125,391300,15.100000381469727,0.028555305773659168,0.03267668762581155,MID,BULL
2019-03-13,11326.2001953125,11352.2998046875,11276.599609375,11341.7001953125,383000,15.279999732971191,0.026119623207500275,0.041593233299232146,MID,BULL
2019-03-14,11382.5,11383.4501953125,11313.75,11343.25,294500,15.149999618530273,0.025777233153034373,0.04725608794020997,MID,BULL
2019-03-15,11376.849609375,11487.0,11370.7998046875,11426.849609375,463700,15.869999885559082,0.03547213557222184,0.0633534942663796,MID,BULL
2019-03-18,11473.849609375,11530.150390625,11412.5,11462.2001953125,320300,16.899999618530273,0.02633856364980902,0.06879636882379603,MID,BULL
2019-03-19,11500.2998046875,11543.849609375,11451.25,11532.400390625,326100,16.489999771118164,0.020458021388595204,0.08377543160621093,MID,BULL
2019-03-20,11553.349609375,11556.099609375,11503.099609375,11521.0498046875,366300,16.030000686645508,0.01581329133079401,0.08644567833769567,MID,BULL
2019-03-22,11549.2001953125,11572.7998046875,11434.5498046875,11456.900390625,386200,16.270000457763672,0.010019208835651217,0.06720260279606283,MID,BULL
2019-03-25,11395.650390625,11395.650390625,11311.599609375,11354.25,294500,16.670000076293945,-0.006353423021813187,0.05230845758356151,MID,BULL
2019-03-26,11375.2001953125,11496.75,11352.4501953125,11483.25,282600,16.489999771118164,0.0018364541125452938,0.06408654694520233,MID,BULL
2019-03-27,11531.4501953125,11546.2001953125,11413.0,11445.0498046875,350400,17.049999237060547,-0.007574362923482014,0.05192509403367063,MID,BULL
2019-03-28,11463.650390625,11588.5,11452.4501953125,11570.0,527700,16.649999618530273,0.004248761713761873,0.06780617136174283,MID,BULL
2019-04-01,11665.2001953125,11738.099609375,11644.75,11669.150390625,379600,18.010000228881836,0.018525953160392294,0.07981196474610086,MID,BULL
2019-04-02,11711.5498046875,11729.349609375,11655.849609375,11713.2001953125,386100,18.079999923706055,0.03161373012858615,0.08530926062659261,MID,BULL
2019-04-03,11735.2998046875,11761.0,11629.150390625,11643.9501953125,365800,18.780000686645508,0.01399431304835308,0.07184150552883506,MID,BULL
2019-04-04,11660.2001953125,11662.5498046875,11559.2001953125,11598.0,349000,18.649999618530273,0.013363873283439798,0.05556792466262772,MID,BULL
2019-04-05,11638.400390625,11689.650390625,11609.5,11665.9501953125,266700,18.389999389648438,0.0082930160166379,0.055455550105175,MID,BULL
2019-04-08,11704.349609375,11710.2998046875,11549.099609375,11604.5,260900,20.149999618530273,-0.005540282579350464,0.04940223499652974,HIGH,BULL
2019-04-09,11612.0498046875,11683.900390625,11569.7001953125,11671.9501953125,300500,20.280000686645508,-0.0035216678031770865,0.057682529147585315,HIGH,BULL
2019-04-10,11646.849609375,11680.0498046875,11571.75,11584.2998046875,359900,21.1299991607666,-0.005122865490185036,0.03727150283886527,HIGH,BULL
2019-04-11,11592.5498046875,11606.7001953125,11550.5498046875,11596.7001953125,279800,20.959999084472656,-0.00011207145089675574,0.026147665282716392,HIGH,NEUTRAL
2019-04-12,11612.849609375,11657.349609375,11578.7998046875,11643.4501953125,246000,21.0,-0.0019286898729466984,0.026605358526820666,HIGH,NEUTRAL
2019-04-15,11667.0,11704.599609375,11648.25,11690.349609375,290000,21.389999389648438,0.0073979584967038825,0.03059966141758319,HIGH,BULL
2019-04-16,11736.2001953125,11810.9501953125,11731.5498046875,11787.150390625,354300,21.690000534057617,0.00986983266590391,0.03153106880433576,HIGH,BULL
2019-04-18,11856.150390625,11856.150390625,11738.5,11752.7998046875,339700,22.739999771118164,0.014545548962037191,0.025352864583000567,HIGH,NEUTRAL
2019-04-22,11727.0498046875,11727.0498046875,11583.9501953125,11594.4501953125,260400,24.049999237060547,-0.0001940207095212365,0.005380476100876885,HIGH,NEUTRAL
2019-04-23,11612.9501953125,11645.9501953125,11564.7998046875,11575.9501953125,272500,24.649999618530273,-0.0057972507175900745,0.0047652246588381075,HIGH,NEUTRAL
2019-04-24,11601.5,11740.849609375,11578.849609375,11726.150390625,335200,23.709999084472656,0.003062421779181923,0.023501120793572028,HIGH,NEUTRAL
2019-04-25,11735.7001953125,11796.75,11624.2998046875,11641.7998046875,604400,23.229999542236328,-0.012331274406501613,0.025325301511548437,HIGH,NEUTRAL
2019-04-26,11683.75,11762.900390625,11661.75,11754.650390625,333500,21.719999313354492,0.0001574591559674321,0.02363445806936193,HIGH,NEUTRAL
2019-04-30,11748.75,11756.25,11655.900390625,11748.150390625,532600,21.829999923706055,0.013256359096237125,0.026483116378694938,HIGH,NEUTRAL
2019-05-02,11725.5498046875,11789.2998046875,11699.5498046875,11724.75,380300,22.979999542236328,0.012854219496189145,0.013375108038029326,HIGH,NEUTRAL
2019-05-03,11722.599609375,11770.900390625,11699.349609375,11712.25,305500,24.030000686645508,-0.001185418075152156,0.0036934659278731186,HIGH,NEUTRAL
2019-05-06,11605.7998046875,11632.5498046875,11571.349609375,11598.25,299000,26.43000030517578,-0.003740813741700433,-0.009813730952750399,HIGH,NEUTRAL
2019-05-07,11651.5,11657.0498046875,11484.4501953125,11497.900390625,337500,26.479999542236328,-0.021842419082474196,-0.01254297744645927,HIGH,NEUTRAL
2019-05-08,11478.7001953125,11479.099609375,11346.9501953125,11359.4501953125,372800,26.3700008392334,-0.03308607588328816,-0.020568184573848902,HIGH,NEUTRAL
2019-05-09,11322.400390625,11357.599609375,11255.0498046875,11301.7998046875,373000,25.489999771118164,-0.03607328048039404,-0.03121480758346795,HIGH,BEAR
2019-05-10,11314.150390625,11345.7998046875,11251.0498046875,11278.900390625,387300,26.34000015258789,-0.03699968916092122,-0.028058047255375085,HIGH,NEUTRAL
2019-05-13,11258.7001953125,11300.2001953125,11125.599609375,11148.2001953125,357600,27.3799991607666,-0.038803250894531516,-0.04487253554340387,HIGH,BEAR
2019-05-14,11151.650390625,11294.75,11108.2998046875,11222.0498046875,398100,27.1299991607666,-0.023991387693914956,-0.031270772175062134,HIGH,BEAR
2019-05-15,11271.7001953125,11286.7998046875,11136.9501953125,11157.0,414200,28.65999984741211,-0.017822182573241196,-0.03791597505385469,HIGH,BEAR
2019-05-16,11180.349609375,11281.5498046875,11143.349609375,11257.099609375,350700,28.3700008392334,-0.003955139542815123,-0.033181795726926366,HIGH,BEAR
2019-05-17,11261.900390625,11426.150390625,11259.849609375,11407.150390625,412100,28.079999923706055,0.011370789310862328,-0.024225042724375867,HIGH,NEUTRAL
2019-05-20,11651.900390625,11845.2001953125,11591.7001953125,11828.25,452100,23.68000030517578,0.061000860477320895,0.003486814710338182,HIGH,NEUTRAL
2019-05-21,11863.650390625,11883.5498046875,11682.7998046875,11709.099609375,381000,25.649999618530273,0.043401144457945406,-0.003718279562208715,HIGH,NEUTRAL
2019-05-22,11727.9501953125,11784.7998046875,11682.400390625,11737.900390625,355900,27.6299991607666,0.05206600256565386,0.012372315452309657,HIGH,NEUTRAL
2019-05-23,11901.2998046875,12041.150390625,11614.5,11657.0498046875,569000,19.40999984741211,0.03552870714401579,0.007005870620265808,MID,NEUTRAL
2019-05-24,11748.0,11859.0,11658.099609375,11844.099609375,374600,16.469999313354492,0.03830485299020059,0.010058647963810952,MID,NEUTRAL
2019-05-27,11855.5,11957.150390625,11812.400390625,11924.75,348400,16.190000534057617,0.008158434256969604,0.02430467797587199,MID,NEUTRAL
2019-05-28,11958.349609375,11958.5498046875,11864.900390625,11928.75,598300,15.920000076293945,0.018758947993672725,0.014811126115146234,MID,NEUTRAL
2019-05-29,11905.7998046875,11931.900390625,11836.7998046875,11861.099609375,318100,16.40999984741211,0.010495848035002808,0.009614212875597383,MID,NEUTRAL
2019-05-30,11865.2998046875,11968.5498046875,11859.400390625,11945.900390625,421200,15.609999656677246,0.024779047081136207,0.018861842736518808,MID,NEUTRAL
2019-05-31,11999.7998046875,12039.25,11829.4501953125,11922.7998046875,438900,16.06999969482422,0.0066446752313875646,0.01797688784712581,MID,NEUTRAL
2019-06-03,11953.75,12103.0498046875,11920.099609375,12088.5498046875,315300,15.970000267028809,0.013736120647183325,0.04227360202509001,MID,BULL
2019-06-04,12052.650390625,12095.2001953125,12005.849609375,12021.650390625,289200,15.630000114440918,0.007787940113171965,0.04555179486743932,MID,BULL
2019-06-06,12039.7998046875,12039.7998046875,11830.25,11843.75,415200,15.529999732971191,-0.001462731951200169,0.04263408847792194,MID,BULL
2019-06-07,11865.2001953125,11897.5,11769.5,11870.650390625,302500,14.859999656677246,-0.006299232166631419,0.05033274308235103,LOW,BULL
2019-06-10,11934.900390625,11975.0498046875,11871.75,11922.7001953125,303300,14.979999542236328,-8.354528854948029e-06,0.05708001510702454,LOW,BULL
2019-06-11,11959.849609375,12000.349609375,11904.349609375,11965.599609375,332200,14.489999771118164,-0.01017079776308849,0.07332119981180396,LOW,BULL
2019-06-12,11962.4501953125,11962.4501953125,11866.349609375,11906.2001953125,283700,14.119999885559082,-0.009603522940788034,0.06096483285426402,LOW,BULL
2019-06-13,11873.900390625,11931.349609375,11817.0498046875,11914.0498046875,447900,13.65999984741211,0.005935603562005287,0.06785424439253385,LOW,BULL
2019-06-14,11910.099609375,11911.849609375,11797.7001953125,11823.2998046875,390300,13.899999618530273,-0.003988878821239328,0.05029716489680558,LOW,BULL
2019-06-17,11844.0,11844.0498046875,11657.75,11672.150390625,295500,14.649999618530273,-0.02101451857239567,0.02323104289199085,LOW,NEUTRAL
2019-06-18,11677.0498046875,11727.2001953125,11641.150390625,11691.5,365500,14.600000381469727,-0.02290730246065098,-0.011561304504047465,LOW,NEUTRAL
2019-06-19,11744.4501953125,11802.5,11625.099609375,11691.4501953125,446900,14.729999542236328,-0.018036820856124014,-0.0015073246151539044,LOW,NEUTRAL
2019-06-20,11653.650390625,11843.5,11635.0498046875,11831.75,442000,14.0,-0.00690779424601029,0.007995434128062362,LOW,NEUTRAL
2019-06-21,11827.599609375,11827.9501953125,11705.099609375,11724.099609375,468400,14.609999656677246,-0.008390229204301436,0.005751867394487631,LOW,NEUTRAL
2019-06-24,11725.7998046875,11754.0,11670.2001953125,11699.650390625,277600,15.220000267028809,0.002356035441600124,-0.012195880101824152,MID,NEUTRAL
2019-06-25,11681.0,11814.400390625,11651.0,11796.4501953125,300500,15.010000228881836,0.008976623642175996,-0.010759119032893727,MID,NEUTRAL
2019-06-26,11768.150390625,11871.849609375,11757.5498046875,11847.5498046875,327900,14.75,0.013351603673390722,-0.006807100099549435,LOW,NEUTRAL
2019-06-27,11860.849609375,11911.150390625,11821.0498046875,11841.5498046875,480200,14.649999618530273,0.000828263332769863,-0.0016482286913810373,LOW,NEUTRAL
2019-06-28,11861.150390625,11871.7001953125,11775.5,11788.849609375,303900,14.949999809265137,0.00552281216957784,-0.013146834990625855,LOW,NEUTRAL
2019-07-01,11839.900390625,11884.650390625,11830.7998046875,11865.599609375,278400,14.600000381469727,0.014184117747909397,-0.004797547241379596,LOW,NEUTRAL
2019-07-02,11890.2998046875,11917.4501953125,11814.7001953125,11910.2998046875,363200,14.25,0.009651175352754837,-0.014745358449107071,LOW,NEUTRAL
2019-07-03,11932.150390625,11945.2001953125,11887.0498046875,11916.75,340500,13.699999809265137,0.005840886635067877,-0.008725955856011769,LOW,NEUTRAL
2019-07-04,11928.7998046875,11969.25,11923.650390625,11946.75,333600,13.529999732971191,0.008883988755496786,0.008696569920844333,LOW,NEUTRAL
2019-07-05,11964.75,11981.75,11797.900390625,11811.150390625,530700,13.069999694824219,0.001891684260037163,-0.005012362258346892,LOW,NEUTRAL
2019-07-08,11770.400390625,11771.900390625,11523.2998046875,11558.599609375,464000,13.850000381469727,-0.025873113041623208,-0.03053843340627227,LOW,BEAR
2019-07-09,11531.599609375,11582.5498046875,11461.0,11555.900390625,442500,13.6899995803833,-0.029755708913642986,-0.03423975664612766,LOW,BEAR
2019-07-10,11536.150390625,11593.7001953125,11475.650390625,11498.900390625,337600,13.640000343322754,-0.03506405768141485,-0.034209050579197764,LOW,BEAR
2019-07-11,11561.4501953125,11599.0,11519.5,11582.900390625,317300,12.470000267028809,-0.03045594905518234,-0.02779486568305356,LOW,NEUTRAL
2019-07-12,11601.150390625,11639.5498046875,11538.599609375,11552.5,359400,12.0,-0.02189883136449622,-0.022903910850686326,LOW,NEUTRAL
2019-07-15,11614.75,11618.400390625,11532.2998046875,11588.349609375,368800,12.020000457763672,0.0025738412096107943,-0.007179549478501301,LOW,NEUTRAL
2019-07-16,11596.650390625,11670.0498046875,11573.9501953125,11662.599609375,480200,11.5600004196167,0.009233310702172703,-0.002471914692297794,LOW,NEUTRAL
2019-07-17,11670.75,11706.650390625,11651.150390625,11687.5,464800,11.800000190734863,0.016401534317904476,-0.000337870430657472,LOW,NEUTRAL
2019-07-18,11675.599609375,11677.150390625,11582.400390625,11596.900390625,498300,11.75,0.0012086782695059917,-0.019849101728400265,LOW,NEUTRAL
2019-07-19,11627.9501953125,11640.349609375,11399.2998046875,11419.25,446000,12.520000457763672,-0.01153429993507904,-0.026001963437024322,LOW,NEUTRAL
2019-07-22,11392.849609375,11398.150390625,11301.25,11346.2001953125,516000,13.010000228881836,-0.020895936196695386,-0.030210321121708184,LOW,BEAR
2019-07-23,11372.25,11398.150390625,11302.7998046875,11331.0498046875,458900,13.430000305175781,-0.028428464989999624,-0.0394525796251769,LOW,BEAR
2019-07-24,11322.4501953125,11359.75,11229.7998046875,11271.2998046875,413200,12.760000228881836,-0.03561071189839571,-0.048638748897430695,LOW,BEAR
2019-07-25,11290.400390625,11361.400390625,11239.349609375,11252.150390625,553700,12.640000343322754,-0.02972777107568314,-0.049773840737399544,LOW,BEAR
2019-07-26,11247.4501953125,11307.599609375,11210.0498046875,11284.2998046875,522700,12.130000114440918,-0.011817780967445346,-0.04279890077537851,LOW,BEAR
2019-07-29,11307.5,11310.9501953125,11152.400390625,11189.2001953125,482900,13.0600004196167,-0.01383723161035555,-0.05700507655155307,LOW,BEAR
2019-07-30,11213.7001953125,11267.4501953125,11072.650390625,11085.400390625,479100,13.609999656677246,-0.02167931641787313,-0.06925933247606808,LOW,BEAR
2019-07-31,11034.0498046875,11145.2998046875,10999.400390625,11118.0,536700,13.59000015258789,-0.013600898507175385,-0.06702750330417273,LOW,BEAR
2019-08-01,11060.2001953125,11076.75,10881.0,10980.0,499900,14.5600004196167,-0.024186522680300193,-0.08092158955364426,LOW,BEAR
2019-08-02,10930.2998046875,11080.150390625,10848.9501953125,10997.349609375,547400,15.1899995803833,-0.025429153804766957,-0.06890105995906604,MID,BEAR
2019-08-05,10895.7998046875,10895.7998046875,10782.599609375,10862.599609375,506600,16.59000015258789,-0.029188912543929857,-0.06021490695425469,MID,BEAR
2019-08-06,10815.400390625,11018.5498046875,10813.7998046875,10948.25,517900,16.1200008392334,-0.01237216390857554,-0.05258356078579307,MID,BEAR
2019-08-07,10958.099609375,10975.650390625,10835.900390625,10855.5,548500,16.739999771118164,-0.02361036157582297,-0.05595321019995625,MID,BEAR
2019-08-08,10899.2001953125,11058.0498046875,10842.9501953125,11032.4501953125,482500,16.09000015258789,0.00477688481898908,-0.04752265639425035,MID,BEAR
2019-08-09,11087.900390625,11181.4501953125,11062.7998046875,11109.650390625,538100,15.850000381469727,0.010211622367108042,-0.038333660192598984,MID,BEAR
2019-08-13,11139.400390625,11145.900390625,10901.599609375,10925.849609375,624600,17.780000686645508,0.005822731415545457,-0.05716948679767442,MID,BEAR
2019-08-14,11003.25,11078.150390625,10935.599609375,11029.400390625,511500,16.360000610351562,0.00741217917247039,-0.054293145607176796,MID,BEAR
2019-08-16,11043.650390625,11068.650390625,10924.2998046875,11047.7998046875,470900,16.649999618530273,0.01771450460020274,-0.05473370655080212,MID,BEAR
2019-08-19,11094.7998046875,11146.900390625,11037.849609375,11053.900390625,369500,16.75,0.0019442820889972179,-0.04682285625553573,MID,BEAR
2019-08-20,11063.900390625,11076.2998046875,10985.2998046875,11017.0,444700,16.6299991607666,-0.008339631524605262,-0.03522560588479984,MID,BEAR
2019-08-21,11018.150390625,11034.2001953125,10906.650390625,10918.7001953125,557900,17.020000457763672,-0.0006543577221093111,-0.037677812187433046,MID,BEAR
2019-08-22,10905.2998046875,10908.25,10718.2998046875,10741.349609375,668200,17.850000381469727,-0.02611663109944251,-0.052042856176357954,MID,BEAR
2019-08-23,10699.599609375,10862.5498046875,10637.150390625,10829.349609375,667100,17.350000381469727,-0.01977318553688967,-0.03921022446130851,MID,BEAR
2019-08-26,11000.2998046875,11070.2998046875,10756.5498046875,11057.849609375,684100,16.65999984741211,0.00035726925433032797,-0.017267879872267522,MID,NEUTRAL
2019-08-27,11106.5498046875,11141.75,11049.5,11105.349609375,685600,16.010000228881836,0.008019389069165772,-0.015858334004752672,MID,NEUTRAL
2019-08-28,11101.2998046875,11129.650390625,10987.650390625,11046.099609375,550000,16.84000015258789,0.011668001848534448,-0.012789170221250368,MID,NEUTRAL
2019-08-29,10996.0498046875,11021.099609375,10922.400390625,10948.2998046875,649900,16.43000030517578,0.019266684619582142,-0.012367671090477428,MID,NEUTRAL
2019-08-30,10987.7998046875,11042.599609375,10874.7998046875,11023.25,628200,16.280000686645508,0.017905081802617184,-0.00852221622593996,MID,NEUTRAL
2019-09-03,10960.9501953125,10967.5,10772.7001953125,10797.900390625,483000,18.059999465942383,-0.02350811667122077,-0.01658466387750457,MID,NEUTRAL
2019-09-04,10790.400390625,10858.75,10746.349609375,10844.650390625,508800,17.239999771118164,-0.023475102353366806,-0.013885092697228374,MID,NEUTRAL
2019-09-05,10860.9501953125,10920.099609375,10816.0,10847.900390625,595700,17.270000457763672,-0.017942914309933,-0.0013531953011794995,MID,NEUTRAL
2019-09-06,10883.7998046875,10957.0498046875,10867.4501953125,10946.2001953125,497200,16.270000457763672,-0.0001917749250984757,-0.00018722669718906904,MID,NEUTRAL
2019-09-09,10936.7001953125,11028.849609375,10889.7998046875,11003.0498046875,412500,15.850000381469727,-0.001832508136212052,0.01359217029961779,MID,NEUTRAL
2019-09-11,11028.5,11054.7998046875,11011.650390625,11035.7001953125,687100,15.369999885559082,0.02202278184506712,0.0002945855129607988,MID,NEUTRAL
2019-09-12,11058.2998046875,11081.75,10964.9501953125,10982.7998046875,551400,14.899999618530273,0.012738945847616145,-0.011418053807034645,LOW,NEUTRAL
2019-09-13,10986.7998046875,11084.4501953125,10945.75,11075.900390625,624300,14.119999885559082,0.021017892107217717,0.013733557262333829,LOW,NEUTRAL
2019-09-16,10994.849609375,11052.7001953125,10968.2001953125,11003.5,434500,14.949999809265137,0.005234675381877052,-0.002348304505022325,LOW,NEUTRAL
2019-09-17,11000.099609375,11000.099609375,10796.5,10817.599609375,482000,16.020000457763672,-0.01685443568868472,-0.02083674572151717,MID,NEUTRAL
2019-09-18,10872.7998046875,10885.150390625,10804.849609375,10840.650390625,519200,15.350000381469727,-0.017674438525463798,-0.019291832969732692,MID,NEUTRAL
2019-09-19,10845.2001953125,10845.2001953125,10670.25,10704.7998046875,642600,15.550000190734863,-0.025312306965783793,-0.028338040783561724,MID,NEUTRAL
2019-09-20,10746.7998046875,11381.900390625,10691.0,11274.2001953125,1356800,15.399999618530273,0.017903718676934632,0.03255882052266812,MID,BULL
2019-09-23,11542.7001953125,11694.849609375,11471.349609375,11600.2001953125,882800,16.790000915527344,0.05422821786817833,0.07995741849682458,MID,BULL
2019-09-24,11590.7001953125,11655.0498046875,11539.2001953125,11588.2001953125,651700,16.729999542236328,0.07123582067778367,0.07007351441314258,MID,BULL
2019-09-25,11564.849609375,11564.9501953125,11416.099609375,11440.2001953125,629100,16.170000076293945,0.05530570427822212,0.03457730023867733,MID,BULL
2019-09-26,11469.849609375,11610.849609375,11466.349609375,11571.2001953125,844500,16.34000015258789,0.08093569300059333,0.04194830440495401,MID,BULL
2019-09-27,11556.349609375,11593.599609375,11499.75,11512.400390625,650000,16.110000610351562,0.021127901863188248,0.042214066298500885,MID,BULL
2019-09-30,11491.150390625,11508.25,11390.7998046875,11474.4501953125,756800,15.869999885559082,-0.010840330156613454,0.04805772585801216,MID,BULL
2019-10-01,11515.400390625,11554.2001953125,11247.900390625,11359.900390625,1305400,16.760000228881836,-0.019701058045221598,0.030540030447009814,MID,BULL
2019-10-03,11322.25,11370.400390625,11257.349609375,11314.0,1017500,17.700000762939453,-0.011031292561139772,0.04779629286292453,MID,BULL
2019-10-04,11388.4501953125,11400.2998046875,11158.349609375,11174.75,928500,17.579999923706055,-0.03426180418804803,0.030438935095626896,MID,BULL
2019-10-07,11196.2001953125,11233.849609375,11112.650390625,11126.400390625,733200,17.829999923706055,-0.03352906317559412,0.025673170841491677,MID,NEUTRAL
2019-10-09,11152.9501953125,11321.599609375,11090.150390625,11313.2998046875,741100,17.15999984741211,-0.014044279933415282,0.03353671619601872,MID,BULL
2019-10-10,11280.5,11293.349609375,11208.5498046875,11234.5498046875,562000,17.229999542236328,-0.011034479319990131,0.02103962120587477,MID,NEUTRAL
2019-10-11,11257.7001953125,11362.900390625,11189.400390625,11305.0498046875,737800,17.139999389648438,-0.0007910725925843742,0.024407115507669275,MID,NEUTRAL
2019-10-14,11335.900390625,11420.4501953125,11290.0498046875,11341.150390625,587600,17.43000030517578,0.014890748394818631,0.032628345441073625,MID,BULL
2019-10-15,11360.849609375,11462.349609375,11342.099609375,11428.2998046875,527400,16.850000381469727,0.02713361046371099,0.03181677350229539,MID,BULL
2019-10-16,11464.9501953125,11481.0498046875,11411.099609375,11464.0,533500,16.360000610351562,0.013320622445633479,0.041850320352615045,MID,BULL
2019-10-17,11466.2998046875,11599.099609375,11439.650390625,11586.349609375,797600,15.880000114440918,0.03131409898959325,0.07106474890545655,MID,BULL
2019-10-18,11580.2998046875,11684.7001953125,11553.150390625,11661.849609375,853400,15.930000305175781,0.031561099760883504,0.0757518404486297,MID,BULL
2019-10-22,11657.150390625,11714.349609375,11573.650390625,11588.349609375,867600,16.809999465942383,0.02179666173498096,0.08253772333982412,MID,BULL
2019-10-23,11596.2001953125,11651.599609375,11554.400390625,11604.099609375,664200,16.540000915527344,0.015382848515699044,0.029261447228838833,MID,NEUTRAL
2019-10-24,11661.650390625,11679.599609375,11534.650390625,11582.599609375,700500,16.239999771118164,0.010345395095516352,-0.0015172657058636352,MID,NEUTRAL
2019-10-25,11646.150390625,11646.900390625,11490.75,11583.900390625,812000,15.319999694824219,-0.0002113883002475836,-0.0003710502593180509,MID,NEUTRAL
2019-10-29,11643.9501953125,11809.400390625,11627.349609375,11786.849609375,951700,16.420000076293945,0.010718711369722245,0.030300991953317036,MID,BULL
2019-10-30,11883.900390625,11883.9501953125,11784.4501953125,11844.099609375,725200,16.65999984741211,0.02206957924302677,0.023584365446641442,MID,NEUTRAL
2019-10-31,11890.4501953125,11945.0,11855.099609375,11877.4501953125,1414800,16.280000686645508,0.023556380515439512,0.031709269335765455,MID,BULL
2019-11-01,11886.599609375,11918.2998046875,11843.349609375,11890.599609375,855300,15.729999542236328,0.0265916124520702,0.036267481838258675,MID,BULL
2019-11-04,11928.900390625,11989.150390625,11905.349609375,11941.2998046875,823100,15.930000305175781,0.030853115272965193,0.0511799746538546,MID,BULL
2019-11-05,11974.599609375,11978.9501953125,11861.900390625,11917.2001953125,632000,15.920000076293945,0.011058984398496285,0.053314494901228526,MID,BULL
2019-11-06,11911.5,12002.900390625,11850.25,11966.0498046875,603400,15.779999732971191,0.010296282481107477,0.07081141007069514,MID,BULL
2019-11-07,12021.099609375,12021.400390625,11946.849609375,12012.0498046875,563000,15.210000038146973,0.011332365715001735,0.07959891635831662,MID,BULL
2019-11-08,11987.150390625,12034.150390625,11888.75,11908.150390625,789300,15.859999656677246,0.0014760215486662176,0.05257975977009233,MID,BULL
2019-11-11,11879.2001953125,11932.650390625,11853.9501953125,11913.4501953125,549000,16.25,-0.0023322092092578073,0.06042969254911634,MID,BULL
2019-11-13,11908.2998046875,11946.7998046875,11823.2001953125,11840.4501953125,659000,16.459999084472656,-0.006440271099094952,0.047359401318427086,MID,BULL
2019-11-14,11858.75,11895.650390625,11802.650390625,11872.099609375,559500,15.649999618530273,-0.007851395978286546,0.04681616947685496,MID,BULL
2019-11-15,11904.2001953125,11973.650390625,11879.25,11895.4501953125,580200,15.029999732971191,-0.009706886940270554,0.04087663069824177,MID,BULL
2019-11-18,11915.150390625,11946.2001953125,11867.599609375,11884.5,514400,15.760000228881836,-0.001986067512518064,0.03668004187020246,MID,BULL
2019-11-19,11919.4501953125,11958.849609375,11881.75,11940.099609375,613900,15.40999984741211,0.002236918241617758,0.030531617975152914,MID,BULL
2019-11-20,12004.75,12038.599609375,11966.0498046875,11999.099609375,646700,15.15999984741211,0.013398934284214015,0.02891908327551085,MID,NEUTRAL
2019-11-21,12025.650390625,12028.2001953125,11956.900390625,11968.400390625,557700,14.979999542236328,0.008111520659239924,0.03279593678659287,LOW,BULL
2019-11-22,11967.2998046875,11968.099609375,11883.5,11914.400390625,486800,14.869999885559082,0.0015930624735807086,0.02674061682470441,LOW,NEUTRAL
2019-11-25,11922.4501953125,12084.5,11919.75,12073.75,534300,15.0,0.015924102823004826,0.04240415858176272,MID,BULL
2019-11-26,12110.2001953125,12132.4501953125,12006.349609375,12037.7001953125,1201300,14.84000015258789,0.008174185235512388,0.03917504375769365,LOW,BULL
2019-11-27,12068.5,12114.900390625,12055.150390625,12100.7001953125,584200,14.619999885559082,0.008467350821733222,0.026627181676083245,LOW,NEUTRAL
2019-11-28,12132.099609375,12158.7998046875,12099.9501953125,12151.150390625,620500,13.989999771118164,0.015269375525166273,0.025924366678490296,LOW,NEUTRAL
2019-11-29,12146.2001953125,12147.400390625,12017.400390625,12056.0498046875,804400,13.899999618530273,0.01188892511736972,0.015036864515372672,LOW,NEUTRAL
2019-12-02,12137.0498046875,12137.150390625,12023.7001953125,12048.2001953125,720900,14.199999809265137,-0.0021161449166580137,0.01325421687004269,LOW,NEUTRAL
2019-12-03,12067.650390625,12068.599609375,11956.400390625,11994.2001953125,605800,14.5600004196167,-0.0036136470666496834,0.0044300362180198505,LOW,NEUTRAL
2019-12-04,11969.9501953125,12054.7001953125,11935.2998046875,12043.2001953125,747200,13.319999694824219,-0.004751791141993089,0.010572953205028934,LOW,NEUTRAL
2019-12-05,12071.25,12081.2001953125,11998.75,12018.400390625,562200,14.3100004196167,-0.010924891531457037,0.0043749262949743795,LOW,NEUTRAL
2019-12-06,12047.349609375,12057.0498046875,11888.849609375,11921.5,609200,13.640000343322754,-0.011160355743983885,-0.0075382475230967305,LOW,NEUTRAL
2019-12-09,11939.099609375,11981.9501953125,11888.0498046875,11937.5,599100,14.600000381469727,-0.009188110549123274,0.002464665662780474,LOW,NEUTRAL
2019-12-10,11950.5,11953.2001953125,11844.7001953125,11856.7998046875,650200,14.289999961853027,-0.0114555692240903,-0.004755162416953729,LOW,NEUTRAL
2019-12-11,11867.349609375,11923.2001953125,11832.2998046875,11910.150390625,997700,13.380000114440918,-0.011047711781731029,0.005886616991986893,LOW,NEUTRAL
2019-12-12,11944.2998046875,12005.5,11934.0,11971.7998046875,752600,13.350000381469727,-0.0038774366324033638,0.008397857042386159,LOW,NEUTRAL
2019-12-13,12026.400390625,12098.849609375,12023.599609375,12086.7001953125,597700,13.300000190734863,0.013857332996057625,0.016077575615873974,LOW,NEUTRAL
2019-12-16,12131.349609375,12134.650390625,12046.2998046875,12053.9501953125,437700,13.420000076293945,0.009754990183246104,0.014258083664647314,LOW,NEUTRAL
2019-12-17,12082.4501953125,12182.75,12070.349609375,12165.0,499600,12.520000457763672,0.02599353960506745,0.018835721474920852,LOW,NEUTRAL
2019-12-18,12197.0,12237.7001953125,12163.4501953125,12221.650390625,518900,12.34000015258789,0.02615416176820018,0.018547290088009483,LOW,NEUTRAL
2019-12-19,12223.400390625,12268.349609375,12191.150390625,12259.7001953125,623100,12.119999885559082,0.0240482129104993,0.02433907583135997,LOW,NEUTRAL
2019-12-20,12266.4501953125,12293.900390625,12252.75,12271.7998046875,810700,12.329999923706055,0.015314321227789307,0.02999726401202074,LOW,NEUTRAL
2019-12-23,12235.4501953125,12287.150390625,12213.25,12262.75,604800,11.960000038146973,0.01732210613983609,0.015653794388652997,LOW,NEUTRAL
2019-12-24,12269.25,12283.7001953125,12202.099609375,12214.5498046875,470300,11.630000114440918,0.00407314465166464,0.014691312003588974,LOW,NEUTRAL
2019-12-26,12211.849609375,12221.5498046875,12118.849609375,12126.5498046875,520300,11.119999885559082,-0.007781321089862736,0.0021362077365583154,LOW,NEUTRAL
2019-12-27,12172.900390625,12258.4501953125,12157.900390625,12245.7998046875,383800,10.529999732971191,-0.0011338279406143403,0.007789337718634881,LOW,NEUTRAL
2019-12-30,12274.900390625,12286.4501953125,12213.7998046875,12255.849609375,411100,11.010000228881836,-0.001299743767528505,0.016572576252116722,LOW,NEUTRAL
2019-12-31,12247.099609375,12247.099609375,12151.7998046875,12168.4501953125,426900,11.670000076293945,-0.007689939425292058,0.009980743849756557,LOW,NEUTRAL
2020-01-01,12202.150390625,12222.2001953125,12165.2998046875,12182.5,304100,,-0.0026239038851191276,0.015699238100185253,,NEUTRAL
2020-01-02,12198.5498046875,12289.900390625,12195.25,12282.2001953125,407700,11.489999771118164,0.012835504997871228,0.019845223538924817,LOW,NEUTRAL
2020-01-03,12261.099609375,12265.599609375,12191.349609375,12226.650390625,428800,12.699999809265137,-0.0015637536435284538,0.017327597120366134,LOW,NEUTRAL
2020-01-06,12170.599609375,12179.099609375,11974.2001953125,11993.0498046875,396500,14.779999732971191,-0.021442805930522613,0.0060017451400831145,LOW,NEUTRAL
2020-01-07,12079.099609375,12152.150390625,12005.349609375,12052.9501953125,447800,14.609999656677246,-0.009491759274693257,0.009671220549738235,LOW,NEUTRAL
2020-01-08,11939.099609375,12044.9501953125,11929.599609375,12025.349609375,446000,15.640000343322754,-0.01289968320336543,0.014215455052287052,MID,NEUTRAL
2020-01-09,12153.150390625,12224.0498046875,12132.5498046875,12215.900390625,477500,14.0,-0.0053980397349981946,0.025671380290938073,LOW,NEUTRAL
2020-01-10,12271.0,12311.2001953125,12213.2001953125,12256.7998046875,660600,14.079999923706055,0.002465876842738357,0.02380594435670469,LOW,NEUTRAL
2020-01-13,12296.7001953125,12337.75,12285.7998046875,12329.5498046875,501000,14.279999732971191,0.028057917333794258,0.020092300251575823,LOW,NEUTRAL
2020-01-14,12333.099609375,12374.25,12308.7001953125,12362.2998046875,616300,13.90999984741211,0.025665882988159083,0.025580793381319022,LOW,NEUTRAL
2020-01-15,12349.400390625,12355.150390625,12278.75,12343.2998046875,684400,14.119999885559082,0.026439995978547293,0.014656786246403541,LOW,NEUTRAL
2020-01-16,12347.099609375,12389.0498046875,12315.7998046875,12355.5,395700,14.180000305175781,0.011427697092400546,0.010951844071539929,LOW,NEUTRAL
2020-01-17,12328.400390625,12385.4501953125,12321.400390625,12352.349609375,502100,14.130000114440918,0.007795656795418715,0.0075572332590909674,LOW,NEUTRAL
2020-01-20,12430.5,12430.5,12216.900390625,12224.5498046875,491600,15.40999984741211,-0.008516126027576454,-0.0038502909721482848,MID,NEUTRAL
2020-01-21,12195.2998046875,12230.0498046875,12162.2998046875,12169.849609375,400,15.859999656677246,-0.01556750753120606,-0.0075758203196673035,MID,NEUTRAL
2020-01-22,12218.349609375,12225.0498046875,12087.900390625,12106.900390625,500,16.360000610351562,-0.019152043440824884,-0.008813211766608764,MID,NEUTRAL
2020-01-23,12123.75,12189.0,12094.099609375,12180.349609375,867700,15.859999656677246,-0.014175904708429443,0.004436530221209711,MID,NEUTRAL
2020-01-24,12174.5498046875,12272.150390625,12149.650390625,12248.25,593200,15.5600004196167,-0.008427514818394766,0.00020008454748388083,MID,NEUTRAL
2020-01-27,12197.099609375,12216.599609375,12107.0,12119.0,441200,17.18000030517578,-0.008634248816837942,-0.011166064674155152,MID,NEUTRAL
2020-01-28,12148.099609375,12163.5498046875,12024.5,12055.7998046875,478500,17.299999237060547,-0.009371504854065127,-0.009257579134308691,MID,NEUTRAL
2020-01-29,12114.900390625,12169.599609375,12103.7998046875,12129.5,514400,16.5,0.0018666717859923132,-0.004350502770367304,MID,NEUTRAL
2020-01-30,12147.75,12150.2998046875,12010.599609375,12035.7998046875,538100,16.799999237060547,-0.011867459418097748,-0.02006158397573088,MID,NEUTRAL
2020-01-31,12100.400390625,12103.5498046875,11945.849609375,11962.099609375,771300,17.3700008392334,-0.023362553068805747,-0.021637224652538478,MID,NEUTRAL
2020-02-03,11627.4501953125,11749.849609375,11614.5,11707.900390625,669800,15.779999732971191,-0.033921908521742705,-0.023776221954072807,MID,NEUTRAL
2020-02-04,11786.25,11986.150390625,11783.400390625,11979.650390625,560400,14.380000114440918,-0.006316413286233558,-0.006081482417143569,LOW,NEUTRAL
2020-02-05,12005.849609375,12098.150390625,11953.349609375,12089.150390625,758000,14.170000076293945,-0.003326568232408622,0.005305524024038499,LOW,NEUTRAL
2020-02-06,12120.0,12160.599609375,12084.650390625,12137.9501953125,565100,13.779999732971191,0.008487212506244513,-0.006381043788824758,LOW,NEUTRAL
2020-02-07,12151.150390625,12154.7001953125,12073.9501953125,12098.349609375,473500,13.75,0.01139014089911261,-0.012927533927077905,LOW,NEUTRAL
2020-02-10,12102.349609375,12103.5498046875,11990.75,12031.5,524700,14.210000038146973,0.027639422832305582,-0.02417361618298397,LOW,NEUTRAL
2020-02-11,12108.400390625,12172.2998046875,12099.0,12107.900390625,480000,13.880000114440918,0.010705654657531927,-0.020578647831048236,LOW,NEUTRAL
2020-02-12,12151.0,12231.75,12144.2998046875,12201.2001953125,411700,13.619999885559082,0.009268625260414831,-0.011512286959200035,LOW,NEUTRAL
2020-02-13,12219.5498046875,12225.650390625,12139.7998046875,12174.650390625,501200,13.369999885559082,0.0030235908635276587,-0.014637174487070581,LOW,NEUTRAL
2020-02-14,12190.150390625,12246.7001953125,12091.2001953125,12113.4501953125,622800,13.619999885559082,0.0012481525517991088,-0.01934040256447922,LOW,NEUTRAL
2020-02-17,12131.7998046875,12159.599609375,12037.0,12045.7998046875,0,14.420000076293945,0.0011885304980676636,-0.014622215366283497,LOW,NEUTRAL
2020-02-18,12028.25,12030.75,11908.0498046875,11992.5,676900,14.510000228881836,-0.009530999339435686,-0.014572867789457211,LOW,NEUTRAL
2020-02-19,12090.599609375,12134.7001953125,12042.099609375,12125.900390625,513600,14.020000457763672,-0.006171508005944237,0.0015693529629361436,LOW,NEUTRAL
2020-02-20,12119.0,12152.0,12071.4501953125,12080.849609375,502600,13.699999809265137,-0.007704597523574885,-0.00816889524446951,LOW,NEUTRAL
2020-02-24,12012.5498046875,12012.5498046875,11813.400390625,11829.400390625,490800,17.0,-0.02344912474213312,-0.03419669008838,MID,BEAR
2020-02-25,11877.5,11883.0498046875,11779.900390625,11797.900390625,461000,16.899999618530273,-0.020579738836937422,-0.02649555321189867,MID,NEUTRAL
2020-02-26,11738.5498046875,11783.25,11639.599609375,11678.5,567600,18.260000228881836,-0.026183031061079887,-0.03129612392375658,MID,BEAR
2020-02-27,11661.25,11663.849609375,11536.7001953125,11633.2998046875,608600,17.770000457763672,-0.04062383576219619,-0.04090854489570883,MID,BEAR
2020-02-28,11382.0,11384.7998046875,11175.0498046875,11201.75,809900,23.239999771118164,-0.07276802855759412,-0.06929741423271829,HIGH,BEAR
2020-03-02,11387.349609375,11433.0,11036.25,11132.75,680800,25.200000762939453,-0.058891437234393273,-0.06933144150756088,HIGH,BEAR
2020-03-03,11217.5498046875,11342.25,11152.5498046875,11303.2998046875,696500,24.540000915527344,-0.04192276333596834,-0.0345579115330944,HIGH,BEAR
2020-03-04,11351.349609375,11356.599609375,11082.150390625,11251.0,797700,24.229999542236328,-0.036605728475403554,-0.06082401129128323,HIGH,BEAR
2020-03-05,11306.0498046875,11389.5,11244.599609375,11269.0,1352500,23.25,-0.03131525971166926,-0.06784185522756148,HIGH,BEAR
2020-03-06,10942.650390625,11035.099609375,10827.400390625,10989.4501953125,1811000,25.639999389648438,-0.018952378395116876,-0.09462058926914485,HIGH,BEAR
2020-03-09,10742.0498046875,10751.5498046875,10294.4501953125,10451.4501953125,1565500,30.799999237060547,-0.06119779970694572,-0.13612595661695204,HIGH,BEAR
2020-03-11,10334.2998046875,10545.099609375,10334.0,10458.400390625,1218500,31.559999465942383,-0.07474803187226076,-0.1307484195133608,HIGH,BEAR
2020-03-12,10039.9501953125,10040.75,9508.0,9590.150390625,1343500,41.15999984741211,-0.1476179547929073,-0.20794274141447866,HIGH,BEAR
2020-03-13,9107.599609375,10159.400390625,8555.150390625,9955.2001953125,1388000,51.470001220703125,-0.11658530523449284,-0.1840802514545148,HIGH,BEAR
2020-03-16,9587.7998046875,9602.2001953125,9165.099609375,9197.400390625,897700,58.880001068115234,-0.16307001468116122,-0.24454500987499483,HIGH,BEAR
2020-03-17,9285.400390625,9403.7998046875,8915.599609375,8967.0498046875,935600,62.93000030517578,-0.1420281743571583,-0.25974436183693983,HIGH,BEAR
2020-03-18,9088.4501953125,9127.5498046875,8407.0498046875,8468.7998046875,1516600,63.959999084472656,-0.1902394736886336,-0.2969499790796828,HIGH,BEAR
2020-03-19,8063.2998046875,8575.4501953125,7832.5498046875,8263.4501953125,925700,72.19999694824219,-0.138339873857394,-0.3109484931988743,HIGH,BEAR
2020-03-20,8284.4501953125,8883.0,8178.2001953125,8745.4501953125,1071500,67.0999984741211,-0.12151940455899846,-0.27877931422940405,HIGH,BEAR
2020-03-23,7945.7001953125,8159.25,7583.60009765625,7610.25,653500,71.98999786376953,-0.17256510788013513,-0.3700567223273534,HIGH,BEAR
2020-03-24,7848.2998046875,8036.9501953125,7511.10009765625,7801.0498046875,738400,83.61000061035156,-0.13003161858100498,-0.34053717457480226,HIGH,BEAR
2020-03-25,7735.14990234375,8376.75,7714.75,8317.849609375,736900,77.62999725341797,-0.017824272481792414,-0.29497204299295177,HIGH,BEAR
2020-03-26,8451.0,8749.0498046875,8304.900390625,8641.4501953125,865600,71.52999877929688,0.045743604797717996,-0.2600547848343109,HIGH,BEAR
2020-03-27,8949.099609375,9038.900390625,8522.900390625,8660.25,801500,70.38999938964844,-0.009742230921189976,-0.2555637570252891,HIGH,BEAR
2020-03-30,8385.9501953125,8576.0,8244.0,8281.099609375,593300,71.88999938964844,0.08815079785486679,-0.26073161699064873,HIGH,BEAR
2020-03-31,8529.349609375,8678.2998046875,8358.0,8597.75,712700,64.41000366210938,0.10212730533187697,-0.22770654151040848,HIGH,BEAR
2020-04-01,8584.099609375,8588.099609375,8198.349609375,8253.7998046875,506300,60.04999923706055,-0.0077002840512180315,-0.2697884735159698,HIGH,BEAR
2020-04-03,8356.5498046875,8356.5498046875,8055.7998046875,8083.7998046875,697000,55.29999923706055,-0.06453203779702321,-0.2815038836825615,HIGH,BEAR
2020-04-07,8446.2998046875,8819.400390625,8360.9501953125,8792.2001953125,814200,51.79999923706055,0.015236303260587114,-0.2197887838040199,HIGH,BEAR
2020-04-08,8688.900390625,9131.7001953125,8653.900390625,8748.75,896500,52.2400016784668,0.05647201611916075,-0.20389556852154989,HIGH,BEAR
2020-04-09,8973.0498046875,9128.349609375,8904.5498046875,9111.900390625,742100,49.75,0.05980057464162125,-0.12816879759789612,HIGH,BEAR
2020-04-13,9103.9501953125,9112.0498046875,8912.400390625,8993.849609375,644000,51.459999084472656,0.08966171002441947,-0.14003583019854893,HIGH,BEAR
2020-04-15,9196.400390625,9261.2001953125,8874.099609375,8925.2998046875,879100,49.7400016784668,0.10409708557008601,-0.0693263983208684,HIGH,BEAR
2020-04-16,8851.25,9053.75,8821.900390625,8992.7998046875,719400,46.099998474121094,0.022815632596940638,-0.09667313280933876,HIGH,BEAR
2020-04-17,9323.4501953125,9324.0,9091.349609375,9266.75,684200,42.59000015258789,0.05920845835119293,0.007540131605631606,HIGH,NEUTRAL
2020-04-20,9390.2001953125,9390.849609375,9230.7998046875,9261.849609375,726400,43.459999084472656,0.016456415492017262,0.032875896878970634,HIGH,BULL
2020-04-21,9016.9501953125,9044.400390625,8909.400390625,8981.4501953125,655100,45.20000076293945,-0.001378654814238267,0.06053400746836024,HIGH,BULL
2020-04-22,9026.75,9209.75,8946.25,9187.2998046875,734400,42.81999969482422,0.02935475622481598,0.11179950112110082,HIGH,BULL
2020-04-23,9232.349609375,9343.599609375,9170.150390625,9313.900390625,666700,39.22999954223633,0.03570640878385012,0.0649995349144159,HIGH,BULL
2020-04-24,9163.900390625,9296.900390625,9141.2998046875,9154.400390625,659400,39.119998931884766,-0.012123949537324319,0.20290402951611308,HIGH,BULL
2020-04-27,9259.7001953125,9377.099609375,9250.349609375,9282.2998046875,512800,38.040000915527344,0.0022080033875522265,0.18987829036932258,HIGH,BULL
2020-04-28,9389.7998046875,9404.400390625,9260.0,9380.900390625,614500,35.349998474121094,0.044475022031628786,0.1278035587529549,HIGH,BULL
2020-04-29,9408.599609375,9599.849609375,9392.349609375,9553.349609375,653000,33.84000015258789,0.039843023790378185,0.105526201442109,HIGH,BULL
2020-04-30,9753.5,9889.0498046875,9731.5,9859.900390625,931200,33.9900016784668,0.0586220570438547,0.13852375977887466,HIGH,BULL
2020-05-04,9533.5,9533.5,9266.9501953125,9293.5,687500,43.66999816894531,0.01519483564619395,0.12225434282650882,HIGH,BULL
2020-05-05,9429.400390625,9450.900390625,9190.75,9205.599609375,725200,43.61000061035156,-0.008263059470861589,0.07069868388531875,HIGH,BULL
2020-05-06,9226.7998046875,9346.900390625,9116.5,9270.900390625,722200,41.25,-0.011725953311467974,0.12322816278629234,HIGH,BULL
2020-05-07,9234.0498046875,9277.849609375,9175.900390625,9199.0498046875,708700,39.93000030517578,-0.03708644812284634,0.13796111073326034,HIGH,BULL
2020-05-08,9376.9501953125,9382.650390625,9238.2001953125,9251.5,609100,38.40999984741211,-0.061704516934418474,0.0522394616233115,HIGH,BULL
2020-05-11,9348.150390625,9439.900390625,9219.9501953125,9239.2001953125,704600,38.040000915527344,-0.005842772334158308,0.056059459387055366,HIGH,BULL
2020-05-12,9168.849609375,9240.849609375,9043.9501953125,9196.5498046875,805500,38.209999084472656,-0.0009830760701653452,0.00928998457331609,HIGH,NEUTRAL
2020-05-13,9584.2001953125,9584.5,9351.099609375,9383.5498046875,846400,38.84000015258789,0.012150860144761522,0.04332963216399399,HIGH,BULL
2020-05-14,9213.9501953125,9281.099609375,9119.75,9142.75,602600,38.18000030517578,-0.0061201760924058934,0.0243633491390729,HIGH,NEUTRAL
2020-05-15,9182.400390625,9182.400390625,9050.0,9136.849609375,575900,38.02000045776367,-0.012392627209101281,0.01601834888089182,HIGH,NEUTRAL
2020-05-18,9158.2998046875,9158.2998046875,8806.75,8823.25,773000,40.91999816894531,-0.045020151800967745,-0.04785928184099064,HIGH,BEAR
2020-05-19,8961.7001953125,9030.349609375,8855.2998046875,8879.099609375,762200,39.45000076293945,-0.034518401145470334,-0.041325438885616794,HIGH,BEAR
2020-05-20,8889.150390625,9093.7998046875,8875.349609375,9066.5498046875,622300,35.810001373291016,-0.03378252437490603,0.009475041059562317,HIGH,NEUTRAL
2020-05-21,9079.4501953125,9178.5498046875,9056.099609375,9106.25,631500,32.9900016784668,-0.003992234283995533,-0.008821939678745117,HIGH,NEUTRAL
2020-05-22,9067.900390625,9149.599609375,8968.5498046875,9039.25,675800,32.380001068115234,-0.010681976123898984,-0.02948822502991899,HIGH,NEUTRAL
2020-05-26,9099.75,9161.650390625,8996.650390625,9029.0498046875,655000,31.469999313354492,0.02332471648060519,-0.013692932424702708,HIGH,NEUTRAL
2020-05-27,9082.2001953125,9334.0,9004.25,9314.9501953125,763500,31.270000457763672,0.04908725040963691,0.0035174893412204256,HIGH,NEUTRAL
2020-05-28,9364.9501953125,9511.25,9336.5,9490.099609375,837900,30.020000457763672,0.04671565411448131,0.011640590370102455,HIGH,NEUTRAL
2020-05-29,9422.2001953125,9598.849609375,9376.900390625,9580.2998046875,967000,30.219999313354492,0.052057631262868886,0.002821020523110951,HIGH,NEUTRAL
2020-06-01,9726.849609375,9931.599609375,9706.9501953125,9826.150390625,794200,30.739999771118164,0.08705372576541204,-0.0034229554724599653,HIGH,NEUTRAL
2020-06-02,9880.849609375,9995.599609375,9824.0498046875,9979.099609375,770200,30.1200008392334,0.10522146020218814,0.07377194914456342,HIGH,BULL
2020-06-03,10108.2998046875,10176.2001953125,10035.5498046875,10061.5498046875,794700,30.040000915527344,0.08015068183088148,0.09298147123852729,HIGH,BULL
2020-06-04,10054.25,10123.849609375,9944.25,10029.099609375,775100,29.690000534057617,0.05679603188437943,0.08178269497067547,HIGH,BULL
2020-06-05,10093.7998046875,10177.7998046875,10040.75,10142.150390625,987100,28.68000030517578,0.05864645130026047,0.10252152189206876,HIGH,BULL
2020-06-08,10326.75,10328.5,10120.25,10167.4501953125,936500,29.649999618530273,0.0347338266889472,0.09900558777630653,HIGH,BULL
2020-06-09,10181.150390625,10291.150390625,10021.4501953125,10046.650390625,754200,30.209999084472656,0.006769226071913215,0.08739394950248602,HIGH,BULL
2020-06-10,10072.599609375,10148.75,10036.849609375,10116.150390625,632400,29.440000534057617,0.005426657622075615,0.09999408533282539,HIGH,BULL
2020-06-11,10094.099609375,10112.0498046875,9885.0498046875,9902.0,715500,29.65999984741211,-0.012673082761705756,0.05525096643633853,HIGH,BULL
2020-06-12,9544.9501953125,9996.0498046875,9544.349609375,9972.900390625,796300,30.81999969482422,-0.01668778251961711,0.09079876302261347,HIGH,BULL
2020-06-15,9919.349609375,9943.349609375,9726.349609375,9813.7001953125,716100,32.58000183105469,-0.034792400572868254,0.07407920835678494,HIGH,BULL
2020-06-16,10014.7998046875,10046.150390625,9728.5,9914.0,899900,32.970001220703125,-0.013203444478249393,0.1236222480378546,HIGH,BULL
2020-06-17,9876.7001953125,10003.599609375,9833.7998046875,9881.150390625,685400,33.349998474121094,-0.023230180545534718,0.11285499941818244,HIGH,BULL
2020-06-18,9863.25,10111.2001953125,9845.0498046875,10091.650390625,622900,31.459999084472656,0.01915273587406574,0.11306402192899356,HIGH,BULL
2020-06-19,10119.0,10272.400390625,10072.650390625,10244.400390625,892100,29.969999313354492,0.02722377536781817,0.12498562971859983,HIGH,BULL
2020-06-22,10318.75,10393.650390625,10277.599609375,10311.2001953125,685400,30.459999084472656,0.050694436359246975,0.14071412952540308,HIGH,BULL
2020-06-23,10347.9501953125,10484.7001953125,10301.75,10471.0,669200,29.34000015258789,0.05618317530764583,0.1597012118112251,HIGH,BULL
2020-06-24,10529.25,10553.150390625,10281.9501953125,10305.2998046875,854800,29.579999923706055,0.04292510459763088,0.10631829356139422,HIGH,BULL
2020-06-25,10235.5498046875,10361.7998046875,10194.5,10288.900390625,994200,29.729999542236328,0.019545861416606636,0.08417201232122862,HIGH,BULL
2020-06-26,10378.900390625,10409.849609375,10311.25,10383.0,671900,28.739999771118164,0.013529304214020987,0.08378654235014138,HIGH,BULL
2020-06-29,10311.9501953125,10337.9501953125,10223.599609375,10312.400390625,574500,28.90999984741211,0.00011639724666046014,0.049485300007612754,HIGH,BULL
2020-06-30,10382.599609375,10401.0498046875,10267.349609375,10302.099609375,556200,29.1200008392334,-0.016130301845573514,0.032367649652134345,HIGH,BULL
2020-07-01,10323.7998046875,10447.0498046875,10299.599609375,10430.0498046875,573600,28.1200008392334,0.012105421711579467,0.03662457644729078,HIGH,BULL
2020-07-02,10493.0498046875,10598.2001953125,10485.5498046875,10551.7001953125,597400,26.510000228881836,0.025542069094862452,0.052108425112159074,HIGH,BULL
2020-07-03,10614.9501953125,10631.2998046875,10562.650390625,10607.349609375,525200,25.770000457763672,0.021607397609072487,0.04586790777427363,HIGH,BULL
2020-07-06,10723.849609375,10811.400390625,10695.099609375,10763.650390625,571200,25.200000762939453,0.04375799842006045,0.058638123016069965,HIGH,BULL
2020-07-07,10802.849609375,10813.7998046875,10689.7001953125,10799.650390625,636800,25.100000381469727,0.04829605615511867,0.07495035367237013,HIGH,BULL
2020-07-08,10818.650390625,10847.849609375,10676.5498046875,10705.75,767900,26.100000381469727,0.02643325779600736,0.05828300159726796,HIGH,BULL
2020-07-09,10755.5498046875,10836.849609375,10733.0,10813.4501953125,618700,24.90999984741211,0.024806428836585015,0.09204708092430813,HIGH,BULL
2020-07-10,10764.099609375,10819.400390625,10713.0,10768.0498046875,590700,24.940000534057617,0.015149891464920628,0.07973100932703381,HIGH,BULL
2020-07-13,10851.849609375,10894.0498046875,10756.0498046875,10802.7001953125,554100,25.25,0.003627933207632994,0.10077748253124685,HIGH,BULL
2020-07-14,10750.849609375,10755.650390625,10562.900390625,10607.349609375,532400,26.639999389648438,-0.017806204302403428,0.06993641409874929,HIGH,BULL
2020-07-15,10701.0,10827.4501953125,10577.75,10618.2001953125,715900,26.290000915527344,-0.008177830108820006,0.074591497502841,HIGH,BULL
2020-07-16,10706.2001953125,10755.2998046875,10595.2001953125,10739.9501953125,694400,25.360000610351562,-0.006797090537473571,0.06424120729447402,HIGH,BULL
2020-07-17,10752.0,10933.4501953125,10749.650390625,10901.7001953125,676900,24.15999984741211,0.0124117545005058,0.06416186205383156,HIGH,BULL
2020-07-20,10999.4501953125,11037.900390625,10953.0,11022.2001953125,554300,24.709999084472656,0.020318993958125864,0.06895414564089464,HIGH,BULL
2020-07-21,11126.099609375,11179.5498046875,11113.25,11162.25,772000,24.43000030517578,0.052312821869712645,0.06601566230541489,HIGH,BULL
2020-07-22,11231.2001953125,11238.099609375,11056.5498046875,11132.599609375,765100,24.889999389648438,0.04844506645199487,0.08027906226572767,HIGH,BULL
2020-07-23,11135.0,11239.7998046875,11103.150390625,11215.4501953125,621600,24.639999389648438,0.044273948328692914,0.09005333607192378,HIGH,BULL
2020-07-24,11149.9501953125,11225.400390625,11090.2998046875,11194.150390625,678900,24.540000915527344,0.026826108778724933,0.07812293081238564,HIGH,BULL
2020-07-27,11225.0,11225.0,11087.849609375,11131.7998046875,588100,25.020000457763672,0.009943532818575518,0.07945768036774603,HIGH,BULL
2020-07-28,11154.099609375,11317.75,11151.400390625,11300.5498046875,683900,23.639999389648438,0.012389957641828486,0.09691715603331019,HIGH,BULL
2020-07-29,11276.900390625,11341.400390625,11149.75,11202.849609375,600700,24.110000610351562,0.006310296109171221,0.0740935871984223,HIGH,BULL
2020-07-30,11254.2998046875,11299.9501953125,11084.9501953125,11102.150390625,677800,24.729999542236328,-0.01010211830238017,0.05216696694595546,HIGH,BULL
2020-07-31,11139.5,11150.400390625,11026.650390625,11073.4501953125,642600,24.190000534057617,-0.010782434673522467,0.04394128628753324,HIGH,BULL
2020-08-03,11057.5498046875,11058.0498046875,10882.25,10891.599609375,680900,25.190000534057617,-0.02157784001930707,0.011887158548129939,HIGH,NEUTRAL
2020-08-04,10946.650390625,11112.25,10908.099609375,11095.25,625700,23.81999969482422,-0.018167240376423144,0.027371220241685368,HIGH,NEUTRAL
2020-08-05,11155.75,11225.650390625,11064.0498046875,11101.650390625,667600,23.56999969482422,-0.009033346182324209,0.036980163988977965,HIGH,BULL
2020-08-06,11185.7001953125,11256.7998046875,11127.2998046875,11200.150390625,600400,23.149999618530273,0.008827118760952324,0.03576103725711244,HIGH,BULL
2020-08-07,11186.650390625,11231.900390625,11142.0498046875,11214.0498046875,452600,22.579999923706055,0.012697001105808736,0.04141882774407768,HIGH,BULL
2020-08-10,11270.25,11337.2998046875,11238.0,11270.150390625,492000,22.510000228881836,0.03475621532434592,0.0432716068076513,HIGH,BULL
2020-08-11,11322.25,11373.599609375,11299.150390625,11322.5,586100,21.360000610351562,0.02048173768053907,0.06742027150617669,HIGH,BULL
2020-08-12,11289.0,11322.0,11242.650390625,11308.400390625,609900,20.850000381469727,0.018623357133872087,0.065001618223133,HIGH,BULL
2020-08-13,11334.849609375,11359.2998046875,11269.9501953125,11300.4501953125,562400,20.56999969482422,0.008955219455933028,0.05218832395001538,HIGH,BULL
2020-08-14,11353.2998046875,11366.25,11111.4501953125,11178.400390625,645100,21.670000076293945,-0.003178995517533645,0.02538138000084378,HIGH,NEUTRAL
2020-08-17,11248.900390625,11267.099609375,11144.5,11247.099609375,634000,21.309999465942383,-0.002045294911873996,0.02040422148729837,HIGH,NEUTRAL
2020-08-18,11259.7998046875,11401.7001953125,11253.150390625,11385.349609375,579200,20.43000030517578,0.005550859737248892,0.01998697479226852,HIGH,NEUTRAL
2020-08-19,11452.150390625,11460.349609375,11394.099609375,11408.400390625,626200,19.959999084472656,0.00884298367105063,0.024774157961968024,MID,NEUTRAL
2020-08-20,11317.4501953125,11361.4501953125,11289.7998046875,11312.2001953125,791600,20.6200008392334,0.0010397815836464819,0.008626492768024407,HIGH,NEUTRAL
2020-08-21,11409.650390625,11418.5,11362.2001953125,11371.599609375,668700,19.940000534057617,0.017283261647349057,0.01585195951080065,MID,NEUTRAL
2020-08-24,11412.0,11497.25,11410.650390625,11466.4501953125,532900,19.229999542236328,0.01950285794167428,0.0300625591994641,MID,BULL
2020-08-25,11513.099609375,11525.900390625,11423.349609375,11472.25,638200,19.31999969482422,0.007632650169428601,0.015193968282966042,MID,NEUTRAL
2020-08-26,11512.849609375,11561.75,11461.849609375,11549.599609375,743400,19.299999237060547,0.012376776227632336,0.030951946343172,MID,BULL
2020-08-27,11609.2998046875,11617.349609375,11540.599609375,11559.25,719800,18.899999618530273,0.02183923555294509,0.041172168750388094,MID,BULL
2020-08-28,11602.9501953125,11686.0498046875,11589.400390625,11647.599609375,807000,18.350000381469727,0.024270991723315705,0.05184918918094228,MID,BULL
2020-08-31,11777.5498046875,11794.25,11325.849609375,11387.5,1371800,22.84000015258789,-0.006885321434943692,0.04553053806698437,HIGH,BULL
2020-09-01,11464.2998046875,11553.5498046875,11366.900390625,11470.25,783800,21.799999237060547,-0.00017433371832031863,0.03379824699758904,HIGH,BULL
2020-09-02,11478.5498046875,11554.75,11430.400390625,11535.0,593500,21.110000610351562,-0.0012640792641114285,0.03903470151978028,HIGH,BULL
2020-09-03,11566.2001953125,11584.9501953125,11507.650390625,11527.4501953125,607100,20.5,-0.0027510266399204397,0.029222804451042306,HIGH,NEUTRAL
2020-09-04,11354.400390625,11452.0498046875,11303.650390625,11333.849609375,681300,22.149999618530273,-0.026936880603920077,0.01068300986477011,HIGH,NEUTRAL
2020-09-07,11359.599609375,11381.150390625,11251.7001953125,11355.0498046875,560300,22.010000228881836,-0.0028496329582875513,0.007533121663853226,HIGH,NEUTRAL
2020-09-08,11378.5498046875,11437.25,11290.4501953125,11317.349609375,572200,22.719999313354492,-0.013330170713367173,-0.0004548810443806284,HIGH,NEUTRAL
2020-09-09,11218.599609375,11298.150390625,11185.150390625,11278.0,728900,22.229999542236328,-0.022280017338534908,-0.0026883015789043174,HIGH,NEUTRAL
2020-09-10,11363.2998046875,11464.0498046875,11327.400390625,11449.25,679400,21.260000228881836,-0.006783824175124131,0.013167599707595956,HIGH,NEUTRAL
2020-09-11,11447.7998046875,11493.5,11419.900390625,11464.4501953125,554800,20.709999084472656,0.01152305619349936,0.025589511440957224,HIGH,NEUTRAL
2020-09-14,11540.150390625,11568.900390625,11383.5498046875,11440.0498046875,642300,21.190000534057617,0.007485656290552756,0.017155551387814327,HIGH,NEUTRAL
2020-09-15,11487.2001953125,11535.9501953125,11442.25,11521.7998046875,506700,20.600000381469727,0.01806520098514408,0.011984717201845463,HIGH,NEUTRAL
2020-09-16,11538.4501953125,11618.099609375,11516.75,11604.5498046875,527800,19.65999984741211,0.02895458456175737,0.01719341952827036,MID,NEUTRAL
2020-09-17,11539.400390625,11587.2001953125,11498.5,11516.099609375,0,20.100000381469727,0.005838776284472713,0.018024735289514426,HIGH,NEUTRAL
2020-09-18,11584.099609375,11584.099609375,11446.099609375,11504.9501953125,764200,20.049999237060547,0.0035326595964069174,0.011726633940537523,HIGH,NEUTRAL
2020-09-21,11503.7998046875,11535.25,11218.5,11250.5498046875,602900,22.190000534057617,-0.016564613199704148,-0.01882887789572929,HIGH,NEUTRAL
2020-09-22,11301.75,11302.2001953125,11084.650390625,11153.650390625,672200,21.40999984741211,-0.03195242239087703,-0.02777132727886855,HIGH,NEUTRAL
2020-09-23,11258.75,11259.5498046875,11024.400390625,11131.849609375,714900,20.989999771118164,-0.040734039947121325,-0.036170085035753585,HIGH,BEAR
2020-09-24,11011.0,11015.2998046875,10790.2001953125,10805.5498046875,706100,23.510000228881836,-0.06170056084866249,-0.06520320914527322,HIGH,BEAR
2020-09-25,10910.400390625,11072.599609375,10854.849609375,11050.25,559600,20.68000030517578,-0.03952213504563973,-0.05128521149492482,HIGH,BEAR
2020-09-28,11140.849609375,11239.349609375,11099.849609375,11227.5498046875,472800,19.56999969482422,-0.002044344534203768,-0.014046120334796908,MID,NEUTRAL
2020-09-29,11288.599609375,11305.400390625,11181.0,11222.400390625,498300,19.770000457763672,0.006163901287222107,-0.021608039003073176,MID,NEUTRAL
2020-09-30,11244.4501953125,11295.400390625,11184.5498046875,11247.5498046875,499300,19.530000686645508,0.010393618255052584,-0.02491982620827915,MID,NEUTRAL
2020-10-01,11364.4501953125,11428.599609375,11347.0498046875,11416.9501953125,447700,18.350000381469727,0.05658207140554494,-0.009585814566774986,MID,NEUTRAL
2020-10-05,11487.7998046875,11578.0498046875,11452.2998046875,11503.349609375,530600,19.700000762939453,0.04100356185380427,0.014955201087174741,MID,NEUTRAL
2020-10-06,11603.4501953125,11680.2998046875,11564.2998046875,11662.400390625,561400,19.639999389648438,0.038730675303346285,0.027067304082684096,MID,NEUTRAL
2020-10-07,11679.25,11763.0498046875,11629.349609375,11738.849609375,513400,20.059999465942383,0.04601949678978068,0.03724370232857699,HIGH,BULL
2020-10-08,11835.400390625,11905.7001953125,11791.150390625,11834.599609375,608800,20.3799991607666,0.05219357236745403,0.049352687477832946,HIGH,BULL
2020-10-09,11852.0498046875,11938.599609375,11805.2001953125,11914.2001953125,611100,20.3799991607666,0.043553662886622435,0.04060966397908161,HIGH,BULL
2020-10-12,11973.5498046875,12022.0498046875,11867.2001953125,11930.9501953125,522600,21.1299991607666,0.03717183259291823,0.04069100498083533,HIGH,BULL
2020-10-13,11934.650390625,11988.2001953125,11888.900390625,11934.5,458300,20.719999313354492,0.02333135548953802,0.04322098275393005,HIGH,BULL
2020-10-14,11917.400390625,11997.2001953125,11822.150390625,11971.0498046875,569200,20.209999084472656,0.019780489829860137,0.038991304103134006,HIGH,BULL
2020-10-15,12023.4501953125,12025.4501953125,11661.2998046875,11680.349609375,608900,22.059999465942383,-0.013033816528766007,0.0065319039483016095,HIGH,NEUTRAL
2020-10-16,11727.400390625,11789.75,11667.849609375,11762.4501953125,555800,21.649999618530273,-0.012736901975149317,0.021391842229026237,HIGH,NEUTRAL
2020-10-19,11879.2001953125,11898.25,11820.400390625,11873.0498046875,541400,21.81999969482422,-0.004852957197637786,0.03199488942811546,HIGH,BULL
2020-10-20,11861.0,11949.25,11837.25,11896.7998046875,453600,22.690000534057617,-0.003158925410574387,0.05744163718387729,HIGH,BULL
2020-10-21,11958.5498046875,12018.650390625,11775.75,11937.650390625,623700,22.920000076293945,-0.0027900154629230123,0.07029088886083223,HIGH,BULL
2020-10-22,11890.0,11939.5498046875,11823.4501953125,11896.4501953125,544900,22.639999389648438,0.018501208710743677,0.06868585300447916,HIGH,BULL
2020-10-23,11957.900390625,11974.5498046875,11908.75,11930.349609375,502300,21.829999923706055,0.014274187033702423,0.10409463886784875,HIGH,BULL
2020-10-26,11937.400390625,11942.849609375,11711.7001953125,11767.75,519800,22.829999923706055,-0.008868808471259593,0.064930657677428,HIGH,BULL
2020-10-27,11807.099609375,11899.0498046875,11723.0,11889.400390625,616300,22.200000762939453,-0.0006219667628251102,0.05894879982284085,HIGH,BULL
2020-10-28,11922.599609375,11929.400390625,11684.849609375,11729.599609375,704000,23.280000686645508,-0.01742811813398293,0.045195252450064505,HIGH,BULL
2020-10-29,11633.2998046875,11744.150390625,11606.4501953125,11670.7998046875,555000,24.020000457763672,-0.018967875872242246,0.03763041794432476,HIGH,BULL
2020-10-30,11678.4501953125,11748.9501953125,11535.4501953125,11642.400390625,553700,24.75,-0.02413585755472969,0.019746971954477388,HIGH,NEUTRAL
2020-11-02,11697.349609375,11725.650390625,11557.400390625,11669.150390625,568400,25.209999084472656,-0.008378798782689989,0.014413261083091378,HIGH,NEUTRAL
2020-11-03,11734.4501953125,11836.2001953125,11723.2998046875,11813.5,674300,24.239999771118164,-0.00638387034932808,0.012956132898375161,HIGH,NEUTRAL
2020-11-04,11783.349609375,11929.650390625,11756.400390625,11908.5,667300,23.200000762939453,0.015252045814250215,0.014452045666341284,HIGH,NEUTRAL
2020-11-05,12062.400390625,12131.099609375,12027.599609375,12120.2998046875,632500,20.969999313354492,0.03851492678500579,0.024141095156795744,HIGH,NEUTRAL
2020-11-06,12156.650390625,12280.400390625,12131.849609375,12263.5498046875,576800,20.5,0.053352349448716696,0.02932212012959523,HIGH,NEUTRAL
2020-11-09,12399.400390625,12474.0498046875,12367.349609375,12461.0498046875,553400,20.110000610351562,0.06786264531295383,0.04443062796316655,HIGH,BULL
2020-11-10,12556.400390625,12643.900390625,12475.25,12631.099609375,847500,21.579999923706055,0.06920892278960511,0.058368562518329226,HIGH,BULL
2020-11-11,12680.599609375,12769.75,12571.099609375,12749.150390625,880500,22.030000686645508,0.07059246677793163,0.06499852549546814,HIGH,BULL
2020-11-12,12702.150390625,12741.150390625,12624.849609375,12690.7998046875,622000,20.6200008392334,0.04706979276035406,0.08650855745803043,HIGH,BULL
2020-11-13,12659.7001953125,12735.9501953125,12607.7001953125,12719.9501953125,513900,19.700000762939453,0.037216009874281974,0.08140310769448167,MID,BULL
2020-11-17,12932.5,12934.0498046875,12797.099609375,12874.2001953125,707700,19.799999237060547,0.033155343819393446,0.0843212491393528,MID,BULL
2020-11-18,12860.099609375,12948.849609375,12819.349609375,12938.25,731300,19.1200008392334,0.024316995362543725,0.08754036483846317,MID,BULL
2020-11-19,12839.5,12963.0,12745.75,12771.7001953125,768800,19.56999969482422,0.0017687299934967537,0.0698671662677024,MID,BULL
2020-11-20,12813.400390625,12892.4501953125,12730.25,12859.0498046875,664000,19.6200008392334,0.013257635656489963,0.08091486061567243,MID,BULL
2020-11-23,12960.2998046875,12968.849609375,12825.7001953125,12926.4501953125,633100,20.799999237060547,0.016234340294516203,0.08349299212109873,HIGH,BULL
2020-11-24,13002.599609375,13079.099609375,12978.0,13055.150390625,571900,21.059999465942383,0.01405525722509604,0.10940072576533333,HIGH,BULL
2020-11-25,13130.0,13145.849609375,12833.650390625,12858.400390625,679000,23.1299991607666,-0.006171592709601326,0.08150116643090533,HIGH,BULL
2020-11-26,12906.4501953125,13018.0,12790.400390625,12987.0,549800,20.020000457763672,0.0168575680132641,0.10719891833477502,HIGH,BULL
2020-11-27,13012.0498046875,13035.2998046875,12914.2998046875,12968.9501953125,1162400,19.81999969482422,0.008546540552703874,0.11123062792179894,MID,BULL
2020-12-01,13062.2001953125,13128.400390625,12962.7998046875,13109.0498046875,583600,20.18000030517578,0.014126044398578674,0.12597483034886126,HIGH,BULL
2020-12-02,13121.400390625,13128.5,12983.5498046875,13113.75,717700,19.90999984741211,0.004488620017512934,0.12379646855315118,MID,BULL
2020-12-03,13215.2998046875,13216.599609375,13107.900390625,13133.900390625,713700,19.0,0.02142568217123375,0.11177046519871325,MID,BULL
2020-12-04,13177.400390625,13280.0498046875,13152.849609375,13258.5498046875,640500,18.030000686645508,0.0209093558702933,0.11336858585779064,MID,BULL
2020-12-07,13264.849609375,13366.650390625,13241.9501953125,13355.75,591700,18.020000457763672,0.02982506670642504,0.10193231316231066,MID,BULL
2020-12-08,13393.849609375,13435.4501953125,13311.0498046875,13392.9501953125,543200,18.6200008392334,0.021656824472776393,0.09209408438927769,MID,BULL
2020-12-09,13458.099609375,13548.900390625,13449.599609375,13529.099609375,502600,18.920000076293945,0.031672832666094664,0.0857110613815002,MID,BULL
2020-12-10,13488.5,13503.5498046875,13399.2998046875,13478.2998046875,553400,18.709999084472656,0.026222173445775043,0.0670725607043503,MID,BULL
2020-12-11,13512.2998046875,13579.349609375,13402.849609375,13513.849609375,787700,18.790000915527344,0.01925548483418904,0.05998040616983524,MID,BULL
2020-12-14,13571.4501953125,13597.5,13472.4501953125,13558.150390625,558400,19.399999618530273,0.01515455070849625,0.06834483242081668,MID,BULL
2020-12-15,13547.2001953125,13589.650390625,13447.0498046875,13567.849609375,497600,19.350000381469727,0.013059065516701107,0.06665901996809431,MID,BULL
2020-12-16,13663.099609375,13692.349609375,13606.4501953125,13682.7001953125,462200,19.200000762939453,0.011353348735126723,0.06280001768920562,MID,BULL
2020-12-17,13713.5498046875,13773.25,13673.5498046875,13740.7001953125,416000,19.15999984741211,0.019468359839698968,0.06202154041794672,MID,BULL
2020-12-18,13764.400390625,13772.849609375,13658.599609375,13760.5498046875,519400,18.6200008392334,0.018255360422344546,0.07742505651189102,MID,BULL
2020-12-21,13741.900390625,13777.5,13131.4501953125,13328.400390625,687300,23.190000534057617,-0.01694552674079086,0.036499632015299266,HIGH,BULL
2020-12-22,13373.650390625,13492.0498046875,13192.900390625,13466.2998046875,696200,21.989999771118164,-0.007484590971389649,0.04176317559872422,HIGH,BULL
2020-12-23,13473.5,13619.4501953125,13432.2001953125,13601.099609375,458700,20.5,-0.005963777965803496,0.04181868476536654,HIGH,BULL
2020-12-24,13672.150390625,13771.75,13626.900390625,13749.25,471400,19.969999313354492,0.0006222248186753543,0.06928152665276421,MID,BULL
2020-12-28,13815.150390625,13885.2998046875,13811.5498046875,13873.2001953125,403600,20.43000030517578,0.008186474539456645,0.06823748327654577,HIGH,BULL
2020-12-29,13910.349609375,13967.599609375,13859.900390625,13932.599609375,439600,20.790000915527344,0.04533171281191284,0.07430434997050117,HIGH,BULL
2020-12-30,13980.900390625,13997.0,13864.9501953125,13981.9501953125,380700,21.110000610351562,0.038291913747940276,0.06658761722858597,HIGH,BULL
2020-12-31,13970.0,14024.849609375,13936.4501953125,13981.75,452400,21.100000381469727,0.027986736481411034,0.0661900676770566,HIGH,BULL
2021-01-01,13996.099609375,14049.849609375,13991.349609375,14018.5,358100,,0.019582886339254868,0.06735239213527366,,BULL
2021-01-04,14104.349609375,14147.9501953125,13953.75,14132.900390625,495000,20.030000686645508,0.018719559413569842,0.06594617049508522,HIGH,BULL
2021-01-05,14075.150390625,14215.599609375,14048.150390625,14199.5,492500,20.459999084472656,0.019156539203596168,0.06317503696909577,HIGH,BULL
2021-01-06,14240.9501953125,14244.150390625,14039.900390625,14146.25,632300,21.0,0.011750850374405042,0.056245994624183115,HIGH,BULL
2021-01-07,14253.75,14256.25,14123.099609375,14137.349609375,559200,20.6200008392334,0.011128764952527348,0.0449586459972926,HIGH,BULL
2021-01-08,14258.400390625,14367.2998046875,14221.650390625,14347.25,613500,20.639999389648438,0.02345115383243579,0.0644703121242558,HIGH,BULL
2021-01-11,14474.0498046875,14498.2001953125,14383.099609375,14484.75,672900,22.3799991607666,0.024895782157241975,0.07184484204644792,HIGH,BULL
2021-01-12,14473.7998046875,14590.650390625,14432.849609375,14563.4501953125,929600,22.850000381469727,0.025631197951512474,0.07414726756406465,HIGH,BULL
2021-01-13,14639.7998046875,14653.349609375,14435.7001953125,14564.849609375,874000,23.290000915527344,0.029590853362198466,0.07348253619432077,HIGH,BULL
2021-01-14,14550.0498046875,14617.7998046875,14471.5,14595.599609375,620200,23.030000686645508,0.03241413791564707,0.06671924408423768,HIGH,BULL
2021-01-15,14594.349609375,14617.4501953125,14357.849609375,14433.7001953125,789600,24.010000228881836,0.006025558578298895,0.05043411108237472,HIGH,BULL
2021-01-18,14453.2998046875,14459.150390625,14222.7998046875,14281.2998046875,762000,24.399999618530273,-0.014045820280812582,0.037843691377986044,HIGH,BULL
2021-01-19,14371.650390625,14546.0498046875,14350.849609375,14521.150390625,546100,22.899999618530273,-0.0029045180997779863,0.08948935844086447,HIGH,BULL
2021-01-20,14538.2998046875,14666.4501953125,14517.5498046875,14644.7001953125,623100,21.549999237060547,0.005482417469391709,0.08750736339724208,HIGH,BULL
2021-01-21,14730.9501953125,14753.5498046875,14517.25,14590.349609375,704600,22.18000030517578,-0.0003596974526917096,0.07273308985386207,HIGH,BULL
2021-01-22,14583.400390625,14619.900390625,14357.75,14371.900390625,776800,,-0.0042816328350487876,0.045286134925541344,,BULL
2021-01-25,14477.7998046875,14491.099609375,14218.599609375,14238.900390625,618600,23.25,-0.0029688764077751006,0.02636019016261759,HIGH,NEUTRAL
2021-01-27,14237.9501953125,14237.9501953125,13929.2998046875,13967.5,660700,24.389999389648438,-0.03812717145209388,0.0025049446337004344,HIGH,NEUTRAL
2021-01-28,13810.400390625,13898.25,13713.25,13817.5498046875,637900,24.290000915527344,-0.056481210239439084,-0.011758044359227893,HIGH,NEUTRAL
2021-01-29,13946.599609375,13966.849609375,13596.75,13634.599609375,753200,25.34000015258789,-0.06550562704720142,-0.024828822616982826,HIGH,NEUTRAL
2021-02-01,13758.599609375,14336.349609375,13661.75,14281.2001953125,870500,23.31999969482422,-0.0063109396006991725,0.018739536705959958,HIGH,NEUTRAL
2021-02-02,14481.099609375,14731.7001953125,14469.150390625,14647.849609375,915000,23.350000381469727,0.028720561808217582,0.0364362023729814,HIGH,BULL
2021-02-03,14754.900390625,14868.849609375,14574.150390625,14789.9501953125,869500,23.75,0.05888313551548241,0.04158246384115638,HIGH,BULL
2021-02-04,14789.0498046875,14913.7001953125,14714.75,14895.650390625,884700,23.1200008392334,0.07802400578804236,0.052975197711407684,HIGH,BULL
2021-02-05,14952.599609375,15014.650390625,14864.75,14924.25,935600,23.420000076293945,0.09458659788867219,0.05566109719060619,HIGH,BULL
2021-02-08,15064.2998046875,15159.900390625,15041.0498046875,15115.7998046875,671200,23.959999084472656,0.05844043903599494,0.05356774327397229,HIGH,BULL
2021-02-09,15164.150390625,15257.099609375,15064.2998046875,15109.2998046875,713300,24.270000457763672,0.031502930984296906,0.04311774829993609,HIGH,BULL
2021-02-10,15119.0498046875,15168.25,14977.2001953125,15106.5,624800,23.950000762939453,0.021403033851177256,0.037288540655173286,HIGH,BULL
2021-02-11,15073.25,15188.5,15065.400390625,15173.2998046875,500100,23.049999237060547,0.018639630145807384,0.041775247368215584,HIGH,BULL
2021-02-12,15186.2001953125,15243.5,15081.0,15163.2998046875,571800,22.040000915527344,0.016017542234115556,0.03889529793266289,HIGH,BULL
2021-02-15,15270.2998046875,15340.150390625,15243.400390625,15314.7001953125,456000,,0.013158443032787348,0.061037709532453466,,BULL
2021-02-16,15371.4501953125,15431.75,15242.2001953125,15313.4501953125,648500,21.780000686645508,0.013511571897042218,0.07227286064579497,HIGH,BULL
2021-02-17,15279.900390625,15314.2998046875,15170.75,15208.900390625,504800,,0.006778564897560679,0.047361950086545423,,BULL
2021-02-18,15238.7001953125,15250.75,15078.0498046875,15118.9501953125,770600,21.540000915527344,-0.00358192417434533,0.03238372883535012,HIGH,BULL
2021-02-19,15074.7998046875,15144.0498046875,14898.2001953125,14981.75,712200,22.25,-0.011972974684004933,0.026825977519654876,HIGH,NEUTRAL
2021-02-22,14999.0498046875,15010.099609375,14635.0498046875,14675.7001953125,609900,25.469999313354492,-0.04172461699221408,0.02113845743640641,HIGH,NEUTRAL
2021-02-23,14782.25,14854.5,14651.849609375,14707.7998046875,744100,25.229999542236328,-0.039550224338757545,0.032930872553278645,HIGH,BULL
2021-02-24,14729.150390625,15008.7998046875,14504.5,14982.0,403800,24.170000076293945,-0.0149189214734331,0.07263289779846072,HIGH,BULL
2021-02-25,15079.849609375,15176.5,15065.349609375,15097.349609375,803900,22.889999389648438,-0.0014287093785253502,0.09262132742617935,HIGH,BULL
2021-02-26,14888.599609375,14919.4501953125,14467.75,14529.150390625,1103600,28.139999389648438,-0.030210062868156307,0.06560887791929848,HIGH,BULL
2021-03-01,14702.5,14806.7998046875,14638.5498046875,14761.5498046875,507300,25.6299991607666,0.005849779447145043,0.033635100888275815,HIGH,BULL
2021-03-02,14865.2998046875,14959.099609375,14760.7998046875,14919.099609375,621700,23.610000610351562,0.01436651351619278,0.018518076525471328,HIGH,NEUTRAL
2021-03-03,15064.400390625,15273.150390625,14995.7998046875,15245.599609375,544200,22.09000015258789,0.017594420596382276,0.030808042491374588,HIGH,BULL
2021-03-04,15026.75,15202.349609375,14980.2001953125,15080.75,534900,24.149999618530273,-0.0010995048670457974,0.012426420097204849,HIGH,NEUTRAL
2021-03-05,14977.9501953125,15092.349609375,14862.099609375,14938.099609375,640700,25.559999465942383,0.028146808846708282,0.0009279936596477967,HIGH,NEUTRAL
2021-03-08,15002.4501953125,15111.150390625,14919.900390625,14956.2001953125,0,24.68000030517578,0.01318631127493064,-0.010558462763280763,HIGH,NEUTRAL
2021-03-09,15049.900390625,15126.849609375,14925.4501953125,15098.400390625,675300,22.5,0.012018203909392122,-0.0007213712219223956,HIGH,NEUTRAL
2021-03-10,15202.150390625,15218.4501953125,15100.849609375,15174.7998046875,404600,20.75,-0.0046439501562117735,0.004521219652964037,HIGH,NEUTRAL
2021-03-12,15321.150390625,15336.2998046875,14953.599609375,15030.9501953125,493200,21.709999084472656,-0.0033022100815609523,-0.009381585496058276,HIGH,NEUTRAL
2021-03-15,15048.400390625,15048.400390625,14745.849609375,14929.5,467500,21.229999542236328,-0.0005756829583331013,-0.01541879456971662,HIGH,NEUTRAL
2021-03-16,14996.099609375,15051.599609375,14890.650390625,14910.4501953125,100,20.190000534057617,-0.003058932041732021,-0.026396207228642443,HIGH,NEUTRAL
2021-03-17,14946.5498046875,14956.5498046875,14696.0498046875,14721.2998046875,100,20.15999984741211,-0.024976194575661914,-0.03866864639075651,HIGH,BEAR
2021-03-18,14855.5,14875.2001953125,14478.599609375,14557.849609375,542200,20.079999923706055,-0.040656232915963986,-0.042807222384816046,HIGH,BEAR
2021-03-19,14471.150390625,14788.25,14350.099609375,14744.0,919200,19.989999771118164,-0.01909062245459292,-0.02480001524370057,MID,NEUTRAL
2021-03-22,14736.2998046875,14763.900390625,14597.849609375,14736.400390625,459000,20.489999771118164,-0.012934097550152401,-0.016376565446292957,HIGH,NEUTRAL
2021-03-23,14768.5498046875,14878.599609375,14707.0,14814.75,474200,20.670000076293945,-0.006418330369567626,0.009474832739627237,HIGH,NEUTRAL
2021-03-24,14712.4501953125,14752.349609375,14535.0,14549.400390625,456400,22.459999084472656,-0.011676918230261513,-0.010769755923113467,HIGH,NEUTRAL
2021-03-25,14570.900390625,14575.599609375,14264.400390625,14324.900390625,606800,22.700000762939453,-0.016001622835833174,-0.04385927175110127,HIGH,BEAR
2021-03-26,14506.2998046875,14572.900390625,14414.25,14507.2998046875,481000,20.649999618530273,-0.016054001309854904,-0.03908300595497216,HIGH,BEAR
2021-03-30,14628.5,14876.2998046875,14617.599609375,14845.099609375,594500,20.489999771118164,0.007376239506843962,0.021745883981892478,HIGH,NEUTRAL
2021-03-31,14811.849609375,14813.75,14670.25,14690.7001953125,463900,20.649999618530273,-0.008373398450024494,-0.004799605076189373,HIGH,NEUTRAL
2021-04-01,14798.400390625,14883.2001953125,14692.4501953125,14867.349609375,445000,19.989999771118164,0.021853080554087523,-0.003468707988750208,MID,NEUTRAL
2021-04-05,14837.7001953125,14849.849609375,14459.5,14637.7998046875,509700,21.219999313354492,0.021843042920373756,-0.03986722859452141,HIGH,BEAR
2021-04-06,14737.0,14779.099609375,14573.900390625,14683.5,475300,20.84000015258789,0.01214562307836009,-0.026341528107023837,HIGH,NEUTRAL
2021-04-07,14716.4501953125,14879.7998046875,14649.849609375,14819.0498046875,0,20.25,-0.0017547746645666384,-0.007969541494607935,HIGH,NEUTRAL
2021-04-08,14875.650390625,14984.150390625,14821.099609375,14873.7998046875,514800,20.309999465942383,0.012463640734661663,-0.005509446888175895,HIGH,NEUTRAL
2021-04-09,14882.650390625,14918.4501953125,14785.650390625,14834.849609375,504100,19.790000915527344,-0.0021859982346488227,-0.017455543264943807,MID,NEUTRAL
2021-04-12,14644.650390625,14652.5,14248.7001953125,14310.7998046875,650200,23.0,-0.022339422888901894,-0.05693650071964118,HIGH,BEAR
2021-04-13,14364.900390625,14528.900390625,14274.900390625,14504.7998046875,605100,20.459999084472656,-0.012170136228589867,-0.03500446637026866,HIGH,BEAR
2021-04-15,14522.400390625,14597.5498046875,14353.2001953125,14581.4501953125,568000,20.889999389648438,-0.016033390298738515,-0.023312890899728766,HIGH,NEUTRAL
2021-04-16,14599.599609375,14697.7001953125,14559.0,14617.849609375,577200,20.399999618530273,-0.017208124263702773,-0.01962385991735427,HIGH,NEUTRAL
2021-04-19,14306.599609375,14382.2998046875,14191.400390625,14359.4501953125,512300,22.489999771118164,-0.03204612291870268,-0.024580004087667695,HIGH,NEUTRAL
2021-04-20,14526.7001953125,14526.9501953125,14207.2998046875,14296.400390625,467400,22.43000030517578,-0.0010061921247604966,-0.0179593295552134,HIGH,NEUTRAL
2021-04-22,14219.150390625,14424.75,14151.400390625,14406.150390625,524600,23.030000686645508,-0.006801156540652165,-0.022914379366182902,HIGH,NEUTRAL
2021-04-23,14326.349609375,14461.150390625,14273.2998046875,14341.349609375,498100,22.690000534057617,-0.016466166445823438,-0.026807820823145034,HIGH,NEUTRAL
2021-04-26,14449.4501953125,14557.5,14421.2998046875,14485.0,452700,23.5,-0.009088177326013747,-0.02225822237972286,HIGH,NEUTRAL
2021-04-27,14493.7998046875,14667.5498046875,14484.849609375,14653.0498046875,451800,23.079999923706055,0.020446438086525243,0.007123964650068038,HIGH,NEUTRAL
2021-04-28,14710.5,14890.25,14694.9501953125,14864.5498046875,457000,22.579999923706055,0.039740731830305354,0.03767212332001102,HIGH,BULL
2021-04-29,14979.0,15044.349609375,14814.4501953125,14894.900390625,517500,23.309999465942383,0.03392648186694358,0.02671762431022895,HIGH,NEUTRAL
2021-04-30,14747.349609375,14855.4501953125,14601.7001953125,14631.099609375,613900,23.030000686645508,0.020203816787967455,-0.014415531429971318,HIGH,NEUTRAL
2021-05-03,14481.0498046875,14673.849609375,14416.25,14634.150390625,448900,23.690000534057617,0.010296885787021148,-0.003849360747661512,HIGH,NEUTRAL
2021-05-04,14687.25,14723.400390625,14461.5,14496.5,503400,23.010000228881836,-0.010683769370484208,-0.02494389512042894,HIGH,NEUTRAL
2021-05-05,14604.150390625,14637.900390625,14506.599609375,14617.849609375,455900,,-0.016596546720486827,-0.0013629230880799481,,NEUTRAL
2021-05-06,14668.349609375,14743.900390625,14611.5,14724.7998046875,467800,22.040000915527344,-0.011420055285805253,0.002812667598835361,HIGH,NEUTRAL
2021-05-07,14816.849609375,14863.0498046875,14765.5,14823.150390625,488000,20.81999969482422,0.013126202840348489,0.0002767104498293538,HIGH,NEUTRAL
2021-05-10,14928.25,14966.900390625,14892.5,14942.349609375,522000,20.229999542236328,0.021060274120692446,0.0046087620909014415,HIGH,NEUTRAL
2021-05-11,14789.7001953125,14900.0,14771.400390625,14850.75,647400,,0.02443693305280581,0.0010718268835669953,,NEUTRAL
2021-05-12,14823.5498046875,14824.0498046875,14649.7001953125,14696.5,643800,20.079999923706055,0.005380435065808653,0.026951686878196934,HIGH,NEUTRAL
2021-05-14,14749.400390625,14749.650390625,14591.900390625,14677.7998046875,620700,20.270000457763672,-0.003191893989963668,0.011927086366548156,HIGH,NEUTRAL
2021-05-17,14756.25,14938.0,14725.349609375,14923.150390625,546400,19.610000610351562,0.006746204238961662,0.023433896542220944,MID,NEUTRAL
2021-05-18,15067.2001953125,15137.25,15043.7001953125,15108.099609375,583900,19.239999771118164,0.011092632974937677,0.03353776465764047,MID,BULL
2021-05-19,15058.599609375,15133.400390625,15008.849609375,15030.150390625,569100,19.31999969482422,0.012080224273184781,0.046707930052324986,MID,BULL
2021-05-20,15042.599609375,15069.7998046875,14884.900390625,14906.0498046875,480300,,0.014258483631306884,0.04264356043513473,,BULL
2021-05-21,14987.7998046875,15190.0,14985.849609375,15175.2998046875,572900,19.079999923706055,0.033894725818587546,0.05339035017731275,MID,BULL
2021-05-24,15211.349609375,15256.25,15145.4501953125,15197.7001953125,579800,19.1299991607666,0.01839757675162068,0.05971199428662555,MID,BULL
2021-05-25,15291.75,15293.849609375,15163.400390625,15208.4501953125,441500,,0.006642171320821122,0.04994478393596835,,BULL
2021-05-26,15257.0498046875,15319.900390625,15194.9501953125,15301.4501953125,384000,20.8700008392334,0.01805037192819592,0.04425020042022765,HIGH,BULL
2021-05-27,15323.9501953125,15384.5498046875,15272.5,15337.849609375,0,19.90999984741211,0.028968090831932747,0.03184084354429939,MID,BULL
2021-05-28,15421.2001953125,15469.650390625,15394.75,15435.650390625,468100,17.399999618530273,0.017156207079156438,0.03630437168551692,MID,BULL
2021-05-31,15437.75,15606.349609375,15374.0,15582.7998046875,436000,,0.025339334532587854,0.06504638890590897,,BULL
2021-06-01,15629.650390625,15660.75,15528.2998046875,15574.849609375,409600,17.389999389648438,0.024091831143677744,0.0642810954951396,MID,BULL
2021-06-02,15520.349609375,15597.4501953125,15459.849609375,15576.2001953125,428600,17.209999084472656,0.017955814415823612,0.07448006038095412,MID,BULL
2021-06-03,15655.5498046875,15705.099609375,15611.0,15690.349609375,410200,15.75,0.022982361216042912,0.07336920468193653,MID,BULL
2021-06-04,15712.5,15733.599609375,15622.349609375,15670.25,414200,15.9399995803833,0.015198556810893216,0.06420801694101974,MID,BULL
2021-06-07,15725.099609375,15773.4501953125,15678.099609375,15751.650390625,394000,15.569999694824219,0.010835702701301964,0.06263850635875867,MID,BULL
2021-06-08,15773.900390625,15778.7998046875,15680.0,15740.099609375,378200,15.229999542236328,0.010610054295518312,0.05338852461994881,MID,BULL
2021-06-09,15766.2998046875,15800.4501953125,15566.900390625,15635.349609375,457900,14.75,0.0037974225626800084,0.05283232223120038,LOW,BULL
2021-06-10,15692.099609375,15751.25,15648.5,15737.75,298300,15.0,0.003020990086586517,0.07085020242914974,MID,BULL
2021-06-11,15796.4501953125,15835.5498046875,15749.7998046875,15799.349609375,363000,14.100000381469727,0.00823851625692007,0.07641130275733299,LOW,BULL
2021-06-14,15791.400390625,15823.0498046875,15606.5,15811.849609375,392900,14.720000267028809,0.00382177214813173,0.05955171632581657,LOW,BULL
2021-06-15,15866.9501953125,15901.599609375,15842.400390625,15869.25,323300,14.609999656677246,0.008205182548405077,0.050380286753781034,LOW,BULL
2021-06-16,15847.5,15880.849609375,15742.599609375,15767.5498046875,340200,14.869999885559082,0.008455211978965371,0.04906134635368975,LOW,BULL
2021-06-17,15648.2998046875,15769.349609375,15616.75,15691.400390625,357600,15.289999961853027,-0.002945122992486171,0.052686700784438045,MID,BULL
2021-06-18,15756.5,15761.5,15450.900390625,15683.349609375,640800,14.800000190734863,-0.007342074380781383,0.03347873262645984,LOW,BULL
2021-06-21,15525.849609375,15765.150390625,15505.650390625,15746.5,351500,15.0600004196167,-0.004132951614734148,0.036110713965575414,MID,BULL
2021-06-22,15840.5,15895.75,15752.099609375,15772.75,322200,14.739999771118164,-0.0060809427036564445,0.03710435957908631,LOW,BULL
2021-06-23,15862.7998046875,15862.9501953125,15673.9501953125,15686.9501953125,287500,15.369999885559082,-0.005111739640805801,0.025193690472429475,MID,NEUTRAL
2021-06-24,15737.2998046875,15821.400390625,15702.7001953125,15790.4501953125,316700,15.100000381469727,0.006312362327245191,0.029508738021583936,MID,NEUTRAL
2021-06-25,15839.349609375,15870.7998046875,15772.2998046875,15860.349609375,314600,13.369999885559082,0.01128585438752161,0.027514177116109373,LOW,NEUTRAL
2021-06-28,15915.349609375,15915.650390625,15792.150390625,15814.7001953125,255100,13.399999618530273,0.0043311336050868565,0.014881818000077374,LOW,NEUTRAL
2021-06-29,15807.5,15835.900390625,15724.0498046875,15748.4501953125,360300,13.0,-0.0015406194029259357,0.0111462126628179,LOW,NEUTRAL
2021-06-30,15776.900390625,15839.099609375,15708.75,15721.5,262400,13.050000190734863,0.0022024551781789636,0.009328321597408928,LOW,NEUTRAL
2021-07-01,15755.0498046875,15755.5498046875,15667.0498046875,15680.0,224900,12.84000015258789,-0.006994746441446487,-0.0006596162375385184,LOW,NEUTRAL
2021-07-02,15705.849609375,15738.349609375,15635.9501953125,15722.2001953125,254800,12.09000015258789,-0.00871036373503653,0.003315211647070049,LOW,NEUTRAL
2021-07-05,15793.400390625,15845.9501953125,15762.0498046875,15834.349609375,207000,,0.0012424778098749645,0.005250193897092803,,NEUTRAL
2021-07-06,15813.75,15914.2001953125,15801.0,15818.25,391400,12.279999732971191,0.004432169757775606,0.00496505057556651,LOW,NEUTRAL
2021-07-07,15819.599609375,15893.5498046875,15779.7001953125,15879.650390625,329300,12.210000038146973,0.010059497543173368,0.015624900456560065,LOW,NEUTRAL
2021-07-08,15855.400390625,15885.75,15682.900390625,15727.900390625,307900,13.5600004196167,0.0030548718510841066,-0.0006258588028784651,LOW,NEUTRAL
2021-07-09,15688.25,15730.849609375,15632.75,15689.7998046875,243200,12.9399995803833,-0.002060805117763409,-0.0069338173656525726,LOW,NEUTRAL
2021-07-12,15766.7998046875,15789.2001953125,15644.75,15692.599609375,216300,12.989999771118164,-0.008952056983513534,-0.007541812181751095,LOW,NEUTRAL
2021-07-13,15794.0,15820.7998046875,15744.599609375,15812.349609375,246700,12.619999885559082,-0.0003730115926224853,-0.0035855752871118973,LOW,NEUTRAL
2021-07-14,15808.7001953125,15877.349609375,15764.2001953125,15853.9501953125,0,12.59000015258789,-0.0016184358395996412,0.005479633278171914,LOW,NEUTRAL
2021-07-15,15872.150390625,15952.349609375,15855.0,15924.2001953125,284900,12.270000457763672,0.012480992364658494,0.014836139470801424,LOW,NEUTRAL
2021-07-16,15958.349609375,15962.25,15882.599609375,15923.400390625,276300,11.710000038146973,0.014888691305526391,0.015306091315244741,LOW,NEUTRAL
2021-07-19,15754.5,15836.900390625,15707.5,15752.400390625,242100,12.680000305175781,0.003810763209320278,0.00037471124535604083,LOW,NEUTRAL
2021-07-20,15703.9501953125,15728.4501953125,15578.5498046875,15632.099609375,274300,13.210000038146973,-0.011399317903591721,-0.00891730298299287,LOW,NEUTRAL
2021-07-22,15736.599609375,15834.7998046875,15726.400390625,15824.0498046875,265300,11.890000343322754,-0.0018859899429884974,0.008739723634487495,LOW,NEUTRAL
2021-07-23,15856.7998046875,15899.7998046875,15768.400390625,15856.0498046875,294100,11.760000228881836,-0.00427967431890619,0.004154384996222227,LOW,NEUTRAL
2021-07-26,15849.2998046875,15893.349609375,15797.0,15824.4501953125,267100,12.449999809265137,-0.006214137237342654,-0.002263469276949648,LOW,NEUTRAL
2021-07-27,15860.5,15881.5498046875,15701.0,15746.4501953125,311000,13.229999542236328,-0.00037773260994822255,-0.004315605048284765,LOW,NEUTRAL
2021-07-28,15761.5498046875,15767.5,15513.4501953125,15709.400390625,318600,13.6899995803833,0.004945003114209978,-0.0024795966716218976,LOW,NEUTRAL
2021-07-29,15762.7001953125,15817.349609375,15737.7998046875,15778.4501953125,401600,12.949999809265137,-0.0028816649301427466,0.0036224403086537738,LOW,NEUTRAL
2021-07-30,15800.599609375,15862.7998046875,15744.849609375,15763.0498046875,400000,12.800000190734863,-0.005865269165117426,0.0052965436662946175,LOW,NEUTRAL
2021-08-02,15874.900390625,15892.900390625,15834.650390625,15885.150390625,244800,12.8100004196167,0.003835848611693393,0.010364337897254439,LOW,NEUTRAL
2021-08-03,15951.5498046875,16146.900390625,15914.349609375,16130.75,341300,13.75,0.024405488216125093,0.01871882318737672,LOW,NEUTRAL
2021-08-04,16195.25,16290.2001953125,16176.150390625,16258.7998046875,427300,13.210000038146973,0.034972653341394766,0.02785072967537494,LOW,NEUTRAL
2021-08-05,16288.9501953125,16349.4501953125,16210.2998046875,16294.599609375,418200,12.869999885559082,0.03271230112421564,0.02613087873741704,LOW,NEUTRAL
2021-08-06,16304.400390625,16336.75,16223.2998046875,16238.2001953125,320100,12.609999656677246,0.030143303263794996,0.03244551351505742,LOW,BULL
2021-08-09,16281.349609375,16320.75,16179.0498046875,16258.25,240500,12.609999656677246,0.02348731993089559,0.03623055758446769,LOW,BULL
2021-08-10,16274.7998046875,16359.25,16202.25,16280.099609375,288000,12.710000038146973,0.009258689730793579,0.03743802904708149,LOW,BULL
2021-08-11,16327.2998046875,16338.75,16162.5498046875,16282.25,277900,12.710000038146973,0.001442307894444994,0.02971730338838441,LOW,NEUTRAL
2021-08-12,16303.650390625,16375.5,16286.900390625,16364.400390625,280200,12.369999885559082,0.004283675752906557,0.03219703537755669,LOW,BULL
2021-08-13,16385.69921875,16543.599609375,16376.2998046875,16529.099609375,321900,12.989999771118164,0.017914510879504686,0.037986172406985874,LOW,BULL
2021-08-16,16518.400390625,16589.400390625,16480.75,16563.05078125,254000,13.460000038146973,0.01874745321605964,0.040170464532286676,LOW,BULL
2021-08-17,16545.25,16628.55078125,16495.400390625,16614.599609375,297400,13.40999984741211,0.0205465573323258,0.054734465692170664,LOW,BULL
2021-08-18,16691.94921875,16701.849609375,16535.849609375,16568.849609375,251800,12.90999984741211,0.01760196590612484,0.05992477168186716,LOW,BULL
2021-08-20,16382.5,16509.55078125,16376.0498046875,16450.5,350800,14.020000457763672,0.005261397137674928,0.039588487336972955,LOW,BULL
2021-08-23,16592.25,16592.5,16395.69921875,16496.44921875,275600,13.6899995803833,-0.0019753278397863783,0.04038833265225872,LOW,BULL
2021-08-24,16561.400390625,16647.099609375,16495.30078125,16624.599609375,275400,13.1899995803833,0.003716032084781995,0.05056412097650753,LOW,BULL
2021-08-25,16654.0,16712.44921875,16617.5,16634.650390625,265900,13.5,0.0012068169995915756,0.05640637631311374,LOW,BULL
2021-08-26,16627.94921875,16683.69921875,16603.400390625,16636.900390625,253500,13.539999961853027,0.004107151845442303,0.05904108221428417,LOW,BULL
2021-08-27,16642.55078125,16722.05078125,16565.599609375,16705.19921875,217400,13.40999984741211,0.015482764581623565,0.058735110987821804,LOW,BULL
2021-08-30,16775.849609375,16951.5,16764.849609375,16931.05078125,283500,13.319999694824219,0.02634515808444582,0.07409739809457228,LOW,BULL
2021-08-31,16947.5,17153.5,16915.849609375,17132.19921875,464400,14.520000457763672,0.030533042677836963,0.07850406180988845,LOW,BULL
2021-09-01,17185.599609375,17225.75,17055.05078125,17076.25,301900,14.1899995803833,0.02654697267481354,0.058614757528323125,LOW,BULL
2021-09-02,17095.400390625,17245.5,17059.69921875,17234.150390625,242400,14.239999771118164,0.03589911497796505,0.05998908884137322,LOW,BULL
2021-09-03,17262.44921875,17340.099609375,17212.19921875,17323.599609375,261400,14.539999961853027,0.03701843854282827,0.06314975664747058,LOW,BULL
2021-09-06,17399.349609375,17429.55078125,17345.55078125,17377.80078125,228000,15.109999656677246,0.026386430811178307,0.07018022762562492,MID,BULL
2021-09-07,17401.55078125,17436.5,17287.0,17362.099609375,243400,14.899999618530273,0.013419199000055393,0.06789473709501337,LOW,BULL
2021-09-08,17375.75,17383.400390625,17254.19921875,17353.5,252700,14.40999984741211,0.016236000292804365,0.06593328151425282,LOW,BULL
2021-09-09,17312.849609375,17379.650390625,17302.69921875,17369.25,241500,13.9399995803833,0.007839064085717329,0.0667598151361144,LOW,BULL
2021-09-13,17363.55078125,17378.349609375,17269.150390625,17355.30078125,241100,14.029999732971191,0.00182994138572945,0.060552196656876944,LOW,BULL
2021-09-14,17420.349609375,17438.55078125,17367.05078125,17380.0,230400,13.579999923706055,0.00012655334110944771,0.05147893174667462,LOW,BULL
2021-09-15,17387.650390625,17532.69921875,17386.900390625,17519.44921875,388200,13.729999542236328,0.009062821485601669,0.0577428910972535,LOW,BULL
2021-09-16,17539.19921875,17644.599609375,17510.44921875,17629.5,503300,14.40999984741211,0.015904572564612307,0.06108485395292518,LOW,BULL
2021-09-17,17709.650390625,17792.94921875,17537.650390625,17585.150390625,508300,15.229999542236328,0.012430035299451525,0.061338041276864264,MID,BULL
2021-09-20,17443.849609375,17622.75,17361.80078125,17396.900390625,339100,17.489999771118164,0.002396939695792799,0.05753019000182369,MID,BULL
2021-09-21,17450.5,17578.349609375,17326.099609375,17562.0,363600,16.520000457763672,0.010471806674338335,0.06459273551055378,MID,BULL
2021-09-22,17580.900390625,17610.44921875,17524.0,17546.650390625,295200,16.489999771118164,0.001552627113750038,0.05546303687999998,MID,BULL
2021-09-23,17670.849609375,17843.900390625,17646.55078125,17822.94921875,320500,16.600000381469727,0.010973040571201631,0.07143515494588959,MID,BULL
2021-09-24,17897.44921875,17947.650390625,17819.400390625,17853.19921875,360100,16.920000076293945,0.01524290791780225,0.07310849975458122,MID,BULL
2021-09-27,17932.19921875,17943.5,17802.900390625,17855.099609375,295700,18.049999237060547,0.026337980241406544,0.06883488042060248,MID,BULL
2021-09-28,17906.44921875,17912.849609375,17576.099609375,17748.599609375,398000,18.540000915527344,0.010625191286584679,0.04828695151221085,MID,BULL
2021-09-29,17657.94921875,17781.75,17608.150390625,17711.30078125,562200,18.84000015258789,0.00938357959835856,0.03380193955871191,MID,BULL
2021-09-30,17718.900390625,17742.150390625,17585.349609375,17618.150390625,378600,18.399999618530273,-0.011490737341581458,0.0317341565405167,MID,BULL
2021-10-01,17531.900390625,17557.150390625,17452.900390625,17532.05078125,305800,17.209999084472656,-0.017988285100337675,0.01728547006222314,MID,NEUTRAL
2021-10-04,17615.55078125,17750.900390625,17581.349609375,17691.25,295800,16.739999771118164,-0.009176628131997044,0.02122251719706325,MID,NEUTRAL
2021-10-05,17661.349609375,17833.44921875,17640.900390625,17822.30078125,427000,16.399999618530273,0.004152506310191928,0.025578610642124522,MID,NEUTRAL
2021-10-06,17861.5,17884.599609375,17613.150390625,17646.0,395800,17.329999923706055,-0.003686955693233518,0.016351731473289277,MID,NEUTRAL
2021-10-07,17810.55078125,17857.55078125,17763.80078125,17790.349609375,419900,16.15999984741211,0.009773966899591757,0.02517357359466388,MID,NEUTRAL
2021-10-08,17886.849609375,17941.849609375,17840.349609375,17895.19921875,324100,15.649999618530273,0.02071340324249893,0.03028047951120505,MID,BULL
2021-10-11,17867.55078125,18041.94921875,17839.099609375,17945.94921875,375800,16.09000015258789,0.014396903483360424,0.03403273990722844,MID,BULL
2021-10-12,17915.80078125,18008.650390625,17864.94921875,17991.94921875,355600,15.850000381469727,0.009518885332609806,0.03520996655638675,MID,BULL
2021-10-13,18097.849609375,18197.80078125,18050.75,18161.75,506700,16.100000381469727,0.029227586988552545,0.036662156054688255,MID,BULL
2021-10-14,18272.849609375,18350.75,18248.69921875,18338.55078125,538700,15.770000457763672,0.03081452494818393,0.04021956273575533,MID,BULL
2021-10-18,18500.099609375,18543.150390625,18445.30078125,18477.05078125,469900,17.18000030517578,0.032514394245488853,0.05071895154792028,MID,BULL
2021-10-19,18602.349609375,18604.44921875,18377.69921875,18418.75,368200,17.3799991607666,0.026345821861348817,0.058737452444440175,MID,BULL
2021-10-20,18439.900390625,18458.30078125,18209.349609375,18266.599609375,371300,18.309999465942383,0.01526518262617027,0.040120692937877234,MID,BULL
2021-10-21,18382.69921875,18384.19921875,18048.0,18178.099609375,365900,18.040000915527344,0.0009002221358074269,0.03598688095406377,MID,BULL
2021-10-22,18230.69921875,18314.25,18034.349609375,18114.900390625,324700,17.549999237060547,-0.012195641481859476,0.016380631975759785,MID,NEUTRAL
2021-10-25,18229.5,18241.400390625,17968.5,18125.400390625,418700,17.610000610351562,-0.019031738061890513,0.015246632748550981,MID,NEUTRAL
2021-10-26,18154.5,18310.44921875,18099.30078125,18268.400390625,341400,16.75,-0.008162856294536835,0.023147492329473884,MID,NEUTRAL
2021-10-27,18295.849609375,18342.05078125,18167.900390625,18210.94921875,335200,16.829999923706055,-0.00304656541529702,0.02604992053180255,MID,NEUTRAL
2021-10-28,18187.650390625,18190.69921875,17799.44921875,17857.25,374200,17.90999984741211,-0.017650338389032072,0.008240457352771458,MID,NEUTRAL
2021-10-29,17833.05078125,17915.849609375,17613.099609375,17671.650390625,336500,17.43000030517578,-0.02446880691816533,0.003036641123716821,MID,NEUTRAL
2021-11-01,17783.150390625,17954.099609375,17697.099609375,17929.650390625,281200,17.239999771118164,-0.010799761427684018,0.022678442718191416,MID,NEUTRAL
2021-11-02,17970.900390625,18012.25,17847.599609375,17888.94921875,296400,17.059999465942383,-0.020770902966946503,0.011174971737440753,MID,NEUTRAL
2021-11-03,17947.94921875,17988.75,17757.94921875,17829.19921875,331000,16.1299991607666,-0.020962663473189536,0.0003870677296198277,MID,NEUTRAL
2021-11-04,17935.05078125,17947.55078125,17900.599609375,17916.80078125,48500,15.75,0.0033348237410575354,0.015346298382069579,MID,NEUTRAL
2021-11-08,18040.19921875,18087.80078125,17836.099609375,18068.55078125,338900,16.34000015258789,0.022459724012849458,0.015637757434985744,MID,NEUTRAL
2021-11-09,18084.349609375,18112.599609375,17983.05078125,18044.25,270200,16.0,0.006391625429290171,0.008329093151074218,MID,NEUTRAL
2021-11-10,17973.44921875,18061.25,17915.0,18017.19921875,261400,16.309999465942383,0.007169230480322364,0.0039702553000404706,MID,NEUTRAL
2021-11-11,17967.44921875,17971.349609375,17798.19921875,17873.599609375,232100,16.350000381469727,0.002490318834864169,-0.006577920376279356,MID,NEUTRAL
2021-11-12,17977.599609375,18123.0,17905.900390625,18102.75,249100,15.220000267028809,0.01037848335873659,-0.003248585626385081,MID,NEUTRAL
2021-11-15,18140.94921875,18210.150390625,18071.30078125,18109.44921875,280400,15.470000267028809,0.0022635150984240404,-0.012492893535199223,MID,NEUTRAL
2021-11-16,18127.05078125,18132.650390625,17958.80078125,17999.19921875,267400,15.199999809265137,-0.0024966835002839805,-0.02586189582727727,MID,NEUTRAL
2021-11-17,17939.349609375,18022.650390625,17879.25,17898.650390625,295700,14.979999542236328,-0.006579758967288907,-0.028237508483203277,LOW,NEUTRAL
2021-11-18,17890.55078125,17945.599609375,17688.5,17764.80078125,278400,14.859999656677246,-0.006087124614111539,-0.027470839611958286,LOW,NEUTRAL
2021-11-22,17796.25,17805.25,17280.44921875,17416.55078125,356400,17.520000457763672,-0.037905799878471536,-0.041893753719571714,MID,BEAR
2021-11-23,17281.75,17553.69921875,17216.099609375,17503.349609375,308800,18.020000457763672,-0.03346869372191963,-0.03375954424604488,MID,BEAR
2021-11-24,17550.05078125,17600.599609375,17354.0,17415.05078125,298100,17.100000381469727,-0.03245413478681236,-0.03919083684034996,MID,BEAR
2021-11-25,17417.30078125,17564.349609375,17351.69921875,17536.25,255900,16.65999984741211,-0.02024735847205661,-0.04007742194005803,MID,BEAR
2021-11-26,17338.75,17355.400390625,16985.69921875,17026.44921875,356300,20.799999237060547,-0.041562614272561915,-0.06504328718793184,HIGH,BEAR
2021-11-29,17055.80078125,17160.69921875,16782.400390625,17053.94921875,348900,20.829999923706055,-0.020819366994891064,-0.04498457384255694,HIGH,BEAR
2021-11-30,17051.150390625,17324.650390625,16931.400390625,16983.19921875,498000,21.170000076293945,-0.029717191408117793,-0.038957944315163195,HIGH,BEAR
2021-12-01,17104.400390625,17213.05078125,17064.25,17166.900390625,295500,19.450000762939453,-0.014249191331223265,-0.04254126451895701,MID,BEAR
2021-12-02,17183.19921875,17420.349609375,17149.30078125,17401.650390625,279900,18.09000015258789,-0.0076755069855299896,-0.027240215295275427,MID,NEUTRAL
2021-12-03,17424.900390625,17489.80078125,17180.80078125,17196.69921875,292500,18.450000762939453,0.009999148842643857,-0.035475513635791045,MID,BEAR
2021-12-06,17209.05078125,17216.75,16891.69921875,16912.25,231700,20.079999923706055,-0.00830888006833097,-0.05606753088984873,HIGH,BEAR
2021-12-07,17044.099609375,17251.650390625,16987.75,17176.69921875,254100,18.459999084472656,0.011393613035308947,-0.04935933010330229,MID,BEAR
2021-12-08,17315.25,17484.599609375,17308.94921875,17469.75,257800,17.270000457763672,0.017641484629361992,-0.03183839727336968,MID,BEAR
2021-12-09,17524.400390625,17543.25,17379.599609375,17516.849609375,237200,16.600000381469727,0.006620016846911492,-0.02777066531263639,MID,NEUTRAL
2021-12-10,17476.05078125,17534.349609375,17405.25,17511.30078125,204500,16.059999465942383,0.018294299301169437,-0.02027005393669934,MID,NEUTRAL
2021-12-13,17619.099609375,17639.5,17355.94921875,17368.25,256600,16.56999969482422,0.026962704548478156,-0.040573945947438905,MID,BEAR
2021-12-14,17283.19921875,17376.19921875,17225.80078125,17324.900390625,271000,16.950000762939453,0.008628035572354031,-0.043322622275706824,MID,BEAR
2021-12-15,17323.650390625,17351.19921875,17192.19921875,17221.400390625,215000,17.219999313354492,-0.014215979586141736,-0.04321296845888323,MID,BEAR
2021-12-16,17373.0,17379.349609375,17184.94921875,17248.400390625,219500,15.899999618530273,-0.01532519972120594,-0.03632955478814148,MID,BEAR
2021-12-17,17276.0,17298.150390625,16966.44921875,16985.19921875,354600,16.34000015258789,-0.03004354554079247,-0.043884621735968854,MID,BEAR
2021-12-20,16824.25,16840.099609375,16410.19921875,16614.19921875,330600,18.969999313354492,-0.0434154725576843,-0.04606833882193151,MID,BEAR
2021-12-21,16773.150390625,16936.400390625,16688.25,16770.849609375,241000,17.540000915527344,-0.03198002694144275,-0.041849132671592404,MID,BEAR
2021-12-22,16865.55078125,16971.0,16819.5,16955.44921875,207900,16.579999923706055,-0.015443063040319172,-0.0263910549715326,MID,NEUTRAL
2021-12-23,17066.80078125,17118.650390625,17015.55078125,17072.599609375,197000,15.829999923706055,-0.010192294779146738,-0.026439540416280605,MID,NEUTRAL
2021-12-24,17149.5,17155.599609375,16909.599609375,17003.75,182600,16.149999618530273,0.001092173309896971,-0.0013331739611922577,MID,NEUTRAL
2021-12-27,16937.75,17112.05078125,16833.19921875,17086.25,144800,17.1200008392334,0.028412490727646178,0.0018940352662999427,MID,NEUTRAL
2021-12-28,17177.599609375,17250.25,17161.150390625,17233.25,176000,16.479999542236328,0.027571673552335474,0.014723420365577278,MID,NEUTRAL
2021-12-29,17220.099609375,17285.94921875,17176.650390625,17213.599609375,161700,16.239999771118164,0.015225216819353182,0.0027203058028753,MID,NEUTRAL
2021-12-30,17201.44921875,17264.05078125,17146.349609375,17203.94921875,320800,16.56999969482422,0.0076935916251952285,-0.011361058717827666,MID,NEUTRAL
2021-12-31,17244.5,17400.80078125,17238.5,17354.05078125,167000,16.219999313354492,0.020601383885907598,0.009150102615531841,MID,NEUTRAL
2022-01-03,17387.150390625,17646.650390625,17383.30078125,17625.69921875,200500,16.450000762939453,0.031572124881117825,0.04218535196381312,MID,BULL
2022-01-04,17681.400390625,17827.599609375,17593.55078125,17805.25,247400,16.1200008392334,0.033191649862910344,0.03659322278659194,MID,BULL
2022-01-05,17820.099609375,17944.69921875,17748.849609375,17925.25,251500,17.229999542236328,0.04134233436203627,0.026073641580446116,MID,NEUTRAL
2022-01-06,17768.5,17797.94921875,17655.55078125,17745.900390625,236500,17.979999542236328,0.03150155612435457,0.013076026018252307,MID,NEUTRAL
2022-01-07,17797.599609375,17905.0,17704.55078125,17812.69921875,239300,17.600000381469727,0.02642889797208281,0.017211653278362826,MID,NEUTRAL
2022-01-10,17913.30078125,18017.44921875,17879.150390625,18003.30078125,232400,17.68000030517578,0.021423352220734104,0.03656388992846149,MID,BULL
2022-01-11,17997.75,18081.25,17964.400390625,18055.75,220200,17.760000228881836,0.014068884177419472,0.042184924178293226,MID,BULL
2022-01-12,18170.400390625,18227.94921875,18128.80078125,18212.349609375,245000,17.18000030517578,0.016016491227458518,0.05754173274372354,MID,BULL
2022-01-13,18257.0,18272.25,18163.80078125,18257.80078125,303700,16.700000762939453,0.028846121039619588,0.058521391419788626,MID,BULL
2022-01-14,18185.0,18286.94921875,18119.650390625,18255.75,229500,16.559999465942383,0.024872748133738076,0.07480340765432025,MID,BULL
2022-01-17,18235.650390625,18321.55078125,18228.75,18308.099609375,266700,16.770000457763672,0.01693016363101818,0.10195498250155466,MID,BULL
2022-01-18,18337.19921875,18350.94921875,18085.900390625,18113.05078125,227500,17.780000686645508,0.003173547554103262,0.08003179344740552,MID,BULL
2022-01-19,18129.19921875,18129.19921875,17884.900390625,17938.400390625,276700,17.81999969482422,-0.015041948162964225,0.05797258209991951,MID,BULL
2022-01-20,17921.0,17943.69921875,17648.44921875,17757.0,258100,17.790000915527344,-0.027429414267916785,0.04008764958379141,MID,BULL
2022-01-21,17613.69921875,17707.599609375,17485.849609375,17617.150390625,277600,18.889999389648438,-0.03498073808936908,0.036074418326839774,MID,BULL
2022-01-24,17575.150390625,17599.400390625,16997.849609375,17149.099609375,323800,22.829999923706055,-0.06330531429960717,0.003678373509400812,HIGH,NEUTRAL
2022-01-25,17001.55078125,17309.150390625,16836.80078125,17277.94921875,326500,21.360000610351562,-0.04610496445824952,0.0025937776536637536,HIGH,NEUTRAL
2022-01-27,17062.0,17182.5,16866.75,17110.150390625,395600,21.06999969482422,-0.04617189838358504,-0.006009737713061458,HIGH,NEUTRAL
2022-01-28,17208.30078125,17373.5,17077.099609375,17101.94921875,355300,20.700000762939453,-0.03688972130709012,-0.005928871255259982,HIGH,NEUTRAL
2022-01-31,17301.05078125,17410.0,17264.150390625,17339.849609375,321700,21.950000762939453,-0.015740387923211863,-0.0008183202904040732,HIGH,NEUTRAL
2022-02-01,17529.44921875,17622.400390625,17244.55078125,17576.849609375,386400,19.979999542236328,0.024943000492350098,-0.002771499091680507,MID,NEUTRAL
2022-02-02,17706.19921875,17794.599609375,17674.80078125,17780.0,271200,18.649999618530273,0.029057313162211162,-0.0014181210597997707,MID,NEUTRAL
2022-02-03,17767.75,17781.150390625,17511.150390625,17560.19921875,226600,19.15999984741211,0.026303031700503965,-0.020365170987852288,MID,NEUTRAL
2022-02-04,17590.19921875,17617.80078125,17462.55078125,17516.30078125,261400,18.899999618530273,0.0242283237542138,-0.01293817751260995,MID,NEUTRAL
2022-02-07,17456.30078125,17536.75,17119.400390625,17213.599609375,265000,20.440000534057617,-0.007280916665606041,-0.03363328611894911,HIGH,BEAR
2022-02-08,17279.849609375,17306.44921875,17043.650390625,17266.75,268500,19.68000030517578,-0.01764250228377684,-0.04091198554084596,MID,BEAR
2022-02-09,17370.099609375,17477.150390625,17339.0,17463.80078125,236400,18.559999465942383,-0.017783983056805397,-0.03278452674355814,MID,BEAR
2022-02-10,17554.099609375,17639.44921875,17427.150390625,17605.849609375,273600,17.709999084472656,0.0025996510663874872,-0.03330157903886255,MID,BEAR
2022-02-11,17451.0,17454.75,17303.0,17374.75,253100,18.68000030517578,-0.008081088753712273,-0.04836567075246301,MID,BEAR
2022-02-14,17076.150390625,17099.5,16809.650390625,16842.80078125,305500,22.979999542236328,-0.021541039442038223,-0.07739748948961289,HIGH,BEAR
2022-02-15,16933.25,17375.0,16839.25,17352.44921875,298700,20.610000610351562,0.004963251263266022,-0.05219822980074029,HIGH,BEAR
2022-02-16,17408.44921875,17490.599609375,17257.69921875,17322.19921875,244500,20.59000015258789,-0.008108290072343816,-0.04366197456469689,HIGH,BEAR
2022-02-17,17396.55078125,17442.900390625,17235.849609375,17304.599609375,232100,22.010000228881836,-0.017110790259141306,-0.035332067935178735,HIGH,BEAR
2022-02-18,17236.05078125,17380.80078125,17219.19921875,17276.30078125,189600,22.170000076293945,-0.0056662236147282385,-0.027070970251168558,HIGH,NEUTRAL
2022-02-21,17192.25,17351.05078125,17070.69921875,17206.650390625,215200,22.899999618530273,0.021602678444077483,-0.02330115772971142,HIGH,NEUTRAL
2022-02-22,16847.94921875,17148.55078125,16843.80078125,17092.19921875,300100,26.65999984741211,-0.014997882818685304,-0.003317981230565259,HIGH,NEUTRAL
2022-02-23,17194.5,17220.69921875,17027.849609375,17063.25,200200,24.540000915527344,-0.01494898052377247,-0.012426198041895486,HIGH,NEUTRAL
2022-02-24,16548.900390625,16705.25,16203.25,16247.9501953125,458000,31.979999542236328,-0.061061766115064864,-0.050391152364441916,HIGH,BEAR
2022-02-25,16515.650390625,16748.80078125,16478.30078125,16658.400390625,329800,26.739999771118164,-0.03576578102272965,-0.025935571580268046,HIGH,NEUTRAL
2022-02-28,16481.599609375,16815.900390625,16356.2998046875,16793.900390625,404200,28.56999969482422,-0.02398781811856221,-0.03148523378512036,HIGH,BEAR
2022-03-02,16593.099609375,16678.5,16478.650390625,16605.94921875,517700,29.229999542236328,-0.028448650391728836,-0.05523745222847831,HIGH,BEAR
2022-03-03,16723.19921875,16768.94921875,16442.94921875,16498.05078125,442100,28.15999984741211,-0.033123772947709296,-0.07210063097581554,HIGH,BEAR
2022-03-04,16339.4501953125,16456.0,16133.7998046875,16245.349609375,456100,27.959999084472656,-0.0001600562474797229,-0.07487669091880589,HIGH,BEAR
2022-03-07,15867.9501953125,15944.599609375,15711.4501953125,15863.150390625,585400,29.329999923706055,-0.04773867726504821,-0.09437782619002433,HIGH,BEAR
2022-03-08,15747.75,16028.75,15671.4501953125,16013.4501953125,543600,28.59000015258789,-0.04647224153765839,-0.06972100207378273,HIGH,BEAR
2022-03-09,16078.0,16418.05078125,15990.0,16345.349609375,462200,27.469999313354492,-0.015693147434219124,-0.05336269944401817,HIGH,BEAR
2022-03-10,16757.099609375,16757.30078125,16447.900390625,16594.900390625,486400,25.579999923706055,0.005870366788121917,-0.0497543691381257,HIGH,BEAR
2022-03-11,16528.80078125,16694.400390625,16470.900390625,16630.44921875,343700,25.350000381469727,0.02370522141011744,-0.055402063079398656,HIGH,BEAR
2022-03-14,16633.69921875,16887.94921875,16606.5,16871.30078125,314700,25.68000030517578,0.06355297439661234,-0.028975911523906772,HIGH,NEUTRAL
2022-03-15,16900.650390625,16927.75,16555.0,16663.0,381600,26.729999542236328,0.040562764224141956,-0.01067523053827013,HIGH,NEUTRAL
2022-03-16,16876.650390625,16987.900390625,16837.849609375,16975.349609375,260000,24.1200008392334,0.038543072803940426,-0.021731780028350633,HIGH,NEUTRAL
2022-03-17,17202.900390625,17344.599609375,17175.75,17287.05078125,448300,22.610000610351562,0.041708619776712696,-0.0020290978677784954,HIGH,NEUTRAL
2022-03-21,17329.5,17353.349609375,17096.400390625,17117.599609375,285500,24.6200008392334,0.029292677799452438,-0.010806375427414694,HIGH,NEUTRAL
2022-03-22,17120.400390625,17334.400390625,17006.30078125,17315.5,338300,24.06999969482422,0.0263286882564302,0.0022689590350581934,HIGH,NEUTRAL
2022-03-23,17405.05078125,17442.400390625,17199.599609375,17245.650390625,292100,24.75,0.034966716115045315,0.0022665654915177136,HIGH,NEUTRAL
2022-03-24,17094.94921875,17291.75,17091.150390625,17222.75,290300,23.93000030517578,0.014574096929842684,0.00763803297511223,HIGH,NEUTRAL
2022-03-25,17289.0,17294.900390625,17076.55078125,17153.0,237100,23.43000030517578,-0.007754404319526564,0.005259842058224606,HIGH,NEUTRAL
2022-03-28,17181.849609375,17235.099609375,17003.900390625,17222.0,253200,22.610000610351562,0.006099008798396088,0.05994908852985725,HIGH,BULL
2022-03-29,17297.19921875,17343.650390625,17235.69921875,17325.30078125,235100,21.299999237060547,0.0005660120267967361,0.04003387930334035,HIGH,BULL
2022-03-30,17468.150390625,17522.5,17387.19921875,17498.25,505000,20.610000610351562,0.014647148913114805,0.041940799516007266,HIGH,BULL
2022-03-31,17519.19921875,17559.80078125,17435.19921875,17464.75,281100,20.559999465942383,0.014051182302477816,0.05171645233506528,HIGH,BULL
2022-04-01,17436.900390625,17703.69921875,17422.69921875,17670.44921875,291800,18.43000030517578,0.030166689136011282,0.0710628457291711,MID,BULL
2022-04-04,17809.099609375,18114.650390625,17791.400390625,18053.400390625,345500,17.90999984741211,0.04827548430060391,0.11129651406249796,MID,BULL
2022-04-05,18080.599609375,18095.44921875,17921.55078125,17957.400390625,283500,18.489999771118164,0.03648419253183066,0.13201980366003996,MID,BULL
2022-04-06,17842.75,17901.0,17779.849609375,17807.650390625,328800,19.020000457763672,0.01768179050047869,0.11204332441972453,MID,BULL
2022-04-07,17723.30078125,17787.5,17623.69921875,17639.55078125,308800,19.0,0.010008776607165926,0.0791785555405129,MID,BULL
2022-04-08,17698.150390625,17842.75,17600.55078125,17784.349609375,274400,17.690000534057617,0.006445811830530168,0.0716755865206613,MID,BULL
2022-04-11,17740.900390625,17779.05078125,17650.94921875,17674.94921875,251700,18.270000457763672,-0.02096287478737391,0.06280648142819723,MID,BULL
2022-04-12,17584.849609375,17595.30078125,17442.349609375,17530.30078125,266000,18.15999984741211,-0.023784044465477105,0.039060414401027366,MID,BULL
2022-04-13,17599.900390625,17663.650390625,17457.400390625,17475.650390625,245100,17.790000915527344,-0.018643672394578426,0.04876975278311235,MID,BULL
2022-04-18,17183.44921875,17237.75,17067.849609375,17173.650390625,376100,19.34000015258789,-0.026412259382491143,0.01168169055796553,MID,NEUTRAL
2022-04-19,17258.94921875,17275.650390625,16824.69921875,16958.650390625,401400,19.770000457763672,-0.0464284180690383,-0.018996900904646563,MID,NEUTRAL
2022-04-20,17045.25,17186.900390625,16978.94921875,17136.55078125,286100,18.670000076293945,-0.03046110236791255,0.0011071162024738346,MID,NEUTRAL
2022-04-21,17234.599609375,17414.69921875,17215.5,17392.599609375,285200,17.850000381469727,-0.007855037605645765,0.004452635463890742,MID,NEUTRAL
2022-04-22,17242.75,17315.30078125,17149.19921875,17171.94921875,262700,18.350000381469727,-0.017378533278390784,-0.004273609298902747,MID,NEUTRAL
2022-04-25,17009.05078125,17054.30078125,16888.69921875,16953.94921875,275700,21.260000228881836,-0.012792922114854166,-0.015607309009885162,HIGH,NEUTRAL
2022-04-26,17121.30078125,17223.849609375,17064.44921875,17200.80078125,261100,19.190000534057617,0.014278871552117378,0.002786730090946099,MID,NEUTRAL
2022-04-27,17073.349609375,17110.69921875,16958.44921875,17038.400390625,265100,20.610000610351562,-0.005727546451902765,-0.010660760038032735,HIGH,NEUTRAL
2022-04-28,17189.5,17322.5,17071.05078125,17245.05078125,312900,19.3799991607666,-0.0084834257925116,-0.0046319542161628036,MID,NEUTRAL
2022-04-29,17329.25,17377.650390625,17053.25,17102.55078125,336200,19.420000076293945,-0.004041383806575927,-0.022613645293100726,MID,NEUTRAL
2022-05-02,16924.44921875,17092.25,16917.25,17069.099609375,278200,20.280000686645508,0.006791950898239696,-0.022654225833464547,HIGH,NEUTRAL
2022-05-04,17096.599609375,17132.849609375,16623.94921875,16677.599609375,310600,21.8799991607666,-0.03041725664570938,-0.05618700447759384,HIGH,BEAR
2022-05-05,16854.75,16945.69921875,16651.849609375,16682.650390625,265800,20.290000915527344,-0.020879307437554062,-0.07592752447410522,HIGH,BEAR
2022-05-06,16415.55078125,16484.19921875,16340.900390625,16411.25,300500,21.25,-0.04835014937483195,-0.08610101445597862,HIGH,BEAR
2022-05-09,16227.7001953125,16403.69921875,16142.099609375,16301.849609375,288400,22.030000686645508,-0.0468176462164247,-0.08455920619616064,HIGH,BEAR
2022-05-10,16248.900390625,16404.55078125,16197.2998046875,16240.0498046875,283100,22.299999237060547,-0.04857021305518394,-0.0793388104900099,HIGH,BEAR
2022-05-11,16270.0498046875,16318.75,15992.599609375,16167.099609375,284300,22.799999237060547,-0.030609920609500185,-0.09093669633819323,HIGH,BEAR
2022-05-12,16021.099609375,16041.9501953125,15735.75,15808.0,314900,24.270000457763672,-0.05242874304412204,-0.10562685050147114,HIGH,BEAR
2022-05-13,15977.0,16083.599609375,15740.849609375,15782.150390625,369100,23.489999771118164,-0.03833343647650245,-0.09972164268252492,HIGH,BEAR
2022-05-16,15845.099609375,15977.9501953125,15739.650390625,15842.2998046875,217600,24.530000686645508,-0.028190040743795053,-0.09346436609957176,HIGH,BEAR
2022-05-17,15912.599609375,16284.25,15900.7998046875,16259.2998046875,295700,22.739999771118164,0.0011853411923923307,-0.05324148128907058,HIGH,BEAR
2022-05-18,16318.150390625,16399.80078125,16211.2001953125,16240.2998046875,290400,22.299999237060547,0.004527725880407951,-0.04235894775769511,HIGH,BEAR
2022-05-19,15917.400390625,15984.75,15775.2001953125,15809.400390625,313900,24.559999465942383,8.85874636260553e-05,-0.07744559611594093,HIGH,BEAR
2022-05-20,16043.7998046875,16283.0498046875,16003.849609375,16266.150390625,252400,23.100000381469727,0.03066755720991665,-0.06476600646534858,HIGH,BEAR
2022-05-23,16290.9501953125,16414.69921875,16185.75,16214.7001953125,293800,23.399999618530273,0.02350671273843785,-0.05574492512429996,HIGH,BEAR
2022-05-24,16225.5498046875,16262.7998046875,16078.599609375,16125.150390625,249800,25.639999389648438,-0.008250626759697566,-0.04888529612961212,HIGH,BEAR
2022-05-25,16196.349609375,16223.349609375,16006.9501953125,16025.7998046875,243300,25.280000686645508,-0.013207884249654578,-0.06831082991457749,HIGH,BEAR
2022-05-26,16105.0,16204.4501953125,15903.7001953125,16170.150390625,314300,22.719999313354492,0.022818702233256438,-0.05095842215785318,HIGH,BEAR
2022-05-27,16296.599609375,16370.599609375,16221.9501953125,16352.4501953125,274100,21.479999542236328,0.005305484248887771,-0.05175981197503898,HIGH,BEAR
2022-05-30,16527.900390625,16695.5,16506.150390625,16661.400390625,251400,19.979999542236328,0.027549087552148244,-0.02579442074270266,MID,NEUTRAL
2022-05-31,16578.44921875,16690.75,16521.900390625,16584.55078125,651600,20.479999542236328,0.02848968099498106,-0.02838748611314379,HIGH,NEUTRAL
2022-06-01,16594.400390625,16649.19921875,16438.849609375,16522.75,249600,20.850000381469727,0.03100938495232808,-0.009284885894967454,HIGH,NEUTRAL
2022-06-02,16481.650390625,16646.400390625,16443.05078125,16628.0,236000,20.31999969482422,0.028314492958608994,-0.003275881790084867,HIGH,NEUTRAL
2022-06-03,16761.650390625,16793.849609375,16567.900390625,16584.30078125,245500,19.979999542236328,0.014178339219401037,0.010544643537207632,MID,NEUTRAL
2022-06-06,16530.69921875,16610.94921875,16444.55078125,16569.55078125,233600,20.200000762939453,-0.005512718452326593,0.016421521378840787,HIGH,NEUTRAL
2022-06-07,16469.599609375,16487.25,16347.099609375,16416.349609375,233800,20.43000030517578,-0.010142039666528824,0.010855866010744286,HIGH,NEUTRAL
2022-06-08,16474.94921875,16514.30078125,16293.349609375,16356.25,243500,19.84000015258789,-0.010077015024738567,0.011699710844567113,MID,NEUTRAL
2022-06-09,16263.849609375,16492.80078125,16243.849609375,16478.099609375,205000,19.139999389648438,-0.009014938093877767,0.04238990443920798,MID,BULL
2022-06-10,16283.9501953125,16324.7001953125,16172.599609375,16201.7998046875,189700,19.579999923706055,-0.02306403999829465,0.02659012895427626,MID,NEUTRAL
2022-06-13,15877.5498046875,15886.150390625,15684.0,15774.400390625,225500,22.3700008392334,-0.04798865105774541,-0.004285956893860132,HIGH,NEUTRAL
2022-06-14,15674.25,15858.0,15659.4501953125,15732.099609375,225400,21.889999389648438,-0.04168100803660035,-0.032424532522643434,HIGH,BEAR
2022-06-15,15729.25,15783.650390625,15678.900390625,15692.150390625,183000,22.149999618530273,-0.04060219239587315,-0.03375241963847775,HIGH,BEAR
2022-06-16,15832.25,15863.150390625,15335.099609375,15360.599609375,264700,22.8700008392334,-0.06781728636742879,-0.028388222839630273,HIGH,NEUTRAL
2022-06-17,15272.650390625,15400.400390625,15183.400390625,15293.5,342600,22.760000228881836,-0.05606166078071839,-0.05979597921248703,HIGH,BEAR
2022-06-20,15334.5,15382.5,15191.099609375,15350.150390625,260000,22.40999984741211,-0.026894841610089926,-0.05331888929635786,HIGH,BEAR
2022-06-21,15455.9501953125,15707.25,15419.849609375,15638.7998046875,262800,21.139999389648438,-0.005930537372894618,-0.03016099534924399,HIGH,BEAR
2022-06-22,15545.650390625,15565.400390625,15385.9501953125,15413.2998046875,220900,21.299999237060547,-0.017770068409750595,-0.03821962132715806,HIGH,BEAR
2022-06-23,15451.5498046875,15628.4501953125,15367.5,15556.650390625,259200,20.8799991607666,0.012763224498758774,-0.03794027793060539,HIGH,BEAR
2022-06-24,15657.400390625,15749.25,15619.4501953125,15699.25,219600,20.549999237060547,0.026530879131657192,-0.03994509614832786,HIGH,BEAR
2022-06-27,15926.2001953125,15927.4501953125,15815.5,15832.0498046875,210900,21.010000228881836,0.031393791057370724,-0.04977676344685633,HIGH,BEAR
2022-06-28,15757.4501953125,15892.099609375,15710.150390625,15850.2001953125,251900,21.450000762939453,0.013517686348388125,-0.0442791966827184,HIGH,BEAR
2022-06-29,15701.7001953125,15861.599609375,15687.7998046875,15799.099609375,444900,21.899999618530273,0.02503031859343774,-0.04379721236628287,HIGH,BEAR
2022-06-30,15774.5,15890.0,15728.849609375,15780.25,306000,21.84000015258789,0.014373248981011333,-0.0509832812124128,HIGH,BEAR
2022-07-01,15703.7001953125,15793.9501953125,15511.0498046875,15752.0498046875,364100,21.25,0.003363205547239456,-0.050183060928527756,HIGH,BEAR
2022-07-04,15710.5,15852.349609375,15661.7998046875,15835.349609375,304300,20.969999313354492,0.00020842561312073293,-0.04431026414462713,HIGH,BEAR
2022-07-05,15909.150390625,16025.75,15785.4501953125,15810.849609375,254200,20.790000915527344,-0.002482655452461624,-0.03688396107586622,HIGH,BEAR
2022-07-06,15818.2001953125,16011.349609375,15800.900390625,15989.7998046875,288400,20.270000457763672,0.012070320463030804,-0.02240429165074509,HIGH,NEUTRAL
2022-07-07,16113.75,16150.5,16045.9501953125,16132.900390625,264600,19.200000762939453,0.02234757945057897,-0.020948970265576183,MID,NEUTRAL
2022-07-08,16273.650390625,16275.5,16157.900390625,16220.599609375,281100,18.399999618530273,0.02974532270384711,0.0011603528567276644,MID,NEUTRAL
2022-07-11,16136.150390625,16248.5498046875,16115.5,16216.0,255900,18.3700008392334,0.024038016211504587,0.02799470017493988,MID,NEUTRAL
2022-07-12,16126.2001953125,16158.75,16031.150390625,16058.2998046875,208600,18.549999237060547,0.015650657708221827,0.02073468916495491,MID,NEUTRAL
2022-07-13,16128.2001953125,16140.0,15950.150390625,15966.650390625,233300,18.520000457763672,-0.0014477613444362492,0.017492822409094222,MID,NEUTRAL
2022-07-14,16018.849609375,16070.849609375,15858.2001953125,15938.650390625,228600,18.34000015258789,-0.012040612369545234,0.03763204535955733,MID,BULL
2022-07-15,16010.7998046875,16066.9501953125,15927.2998046875,16049.2001953125,205800,17.600000381469727,-0.010566774237090293,0.04941316214813485,MID,BULL
2022-07-18,16151.400390625,16287.9501953125,16142.2001953125,16278.5,227700,17.15999984741211,0.0038542180562406436,0.06047820938236437,MID,BULL
2022-07-19,16187.0498046875,16359.5,16187.0498046875,16340.5498046875,222600,17.200000762939453,0.017576580549181875,0.044872369284352676,MID,BULL
2022-07-20,16562.80078125,16588.0,16490.94921875,16520.849609375,284400,16.81999969482422,0.03470979856084311,0.07185676128551477,MID,BULL
2022-07-21,16523.55078125,16626.94921875,16483.900390625,16605.25,243600,16.860000610351562,0.041822839013213375,0.06740523075628957,MID,BULL
2022-07-22,16661.25,16752.25,16610.900390625,16719.44921875,190900,16.649999618530273,0.04176214485960861,0.06498394628724302,MID,BULL
2022-07-25,16662.55078125,16706.05078125,16564.25,16631.0,211400,17.68000030517578,0.02165432933009792,0.05046410320639283,MID,BULL
2022-07-26,16632.900390625,16636.099609375,16463.30078125,16483.849609375,208200,18.170000076293945,0.008769582810878918,0.039977376074397775,MID,BULL
2022-07-27,16475.349609375,16653.44921875,16438.75,16641.80078125,185200,18.1299991607666,0.0073211229891205765,0.05333855679819566,MID,BULL
2022-07-28,16774.849609375,16947.650390625,16746.25,16929.599609375,376300,17.010000228881836,0.019532955503530403,0.07283468952488081,MID,BULL
2022-07-29,17079.5,17172.80078125,17018.150390625,17158.25,436100,16.549999237060547,0.026244930410620704,0.08927093379898032,MID,BULL
2022-08-01,17243.19921875,17356.25,17154.80078125,17340.05078125,381500,17.489999771118164,0.04263428424328053,0.0950216578094476,MID,BULL
2022-08-02,17310.150390625,17390.150390625,17215.849609375,17345.44921875,333600,18.530000686645508,0.0522693199581834,0.09705990805611497,MID,BULL
2022-08-03,17349.25,17407.5,17225.849609375,17388.150390625,285400,18.450000762939453,0.04484788750841773,0.08745266376177918,MID,BULL
2022-08-04,17463.099609375,17490.69921875,17161.25,17382.0,325000,19.260000228881836,0.02672245068185064,0.07742560724548109,MID,BULL
2022-08-05,17423.650390625,17474.400390625,17348.75,17397.5,355300,18.920000076293945,0.013943729692713402,0.07255591155488417,MID,BULL
2022-08-08,17401.5,17548.80078125,17359.75,17525.099609375,257000,19.299999237060547,0.010671758143009358,0.0807288856299333,MID,BULL
2022-08-10,17566.099609375,17566.099609375,17442.80078125,17534.75,312700,19.59000015258789,0.010913570404701423,0.09194312058375664,MID,BULL
2022-08-11,17711.650390625,17719.30078125,17631.94921875,17659.0,311200,18.360000610351562,0.01557667740906088,0.10599277669214091,MID,BULL
2022-08-12,17659.650390625,17724.650390625,17597.849609375,17698.150390625,303900,17.610000610351562,0.018188378243297665,0.1103920317516296,MID,BULL
2022-08-16,17797.19921875,17839.099609375,17764.05078125,17825.25,0,17.68000030517578,0.024586865929012713,0.11066282326057797,MID,BULL
2022-08-17,17868.150390625,17965.94921875,17833.349609375,17944.25,262800,17.68000030517578,0.023917147403874184,0.102328224344995,MID,BULL
2022-08-18,17898.650390625,17968.44921875,17852.05078125,17956.5,263900,17.350000381469727,0.024052239125165853,0.09889203329308693,MID,BULL
2022-08-19,17966.55078125,17992.19921875,17710.75,17758.44921875,295600,18.290000915527344,0.005631644982728279,0.0749113779640429,MID,BULL
2022-08-22,17682.900390625,17690.05078125,17467.349609375,17490.69921875,287600,19.040000915527344,-0.011721630074117306,0.05332345003839145,MID,BULL
2022-08-23,17357.349609375,17625.55078125,17345.19921875,17577.5,285600,19.049999237060547,-0.013898823298410967,0.0513205172026685,MID,BULL
2022-08-24,17525.44921875,17623.650390625,17499.25,17604.94921875,262000,18.43000030517578,-0.018908607562311053,0.05856227639648859,MID,BULL
2022-08-25,17679.0,17726.5,17487.44921875,17522.44921875,230200,19.56999969482422,-0.024172348801269727,0.06300710295150402,MID,BULL
2022-08-26,17619.30078125,17685.849609375,17519.349609375,17558.900390625,266600,18.219999313354492,-0.011236838626331735,0.05510819540685041,MID,BULL
2022-08-29,17188.650390625,17380.150390625,17166.19921875,17312.900390625,244900,19.81999969482422,-0.01016533563932076,0.0226408651175507,MID,NEUTRAL
2022-08-30,17414.94921875,17777.650390625,17401.5,17759.30078125,324700,18.700000762939453,0.010342812188877781,0.035029841694228736,MID,BULL
2022-09-01,17485.69921875,17695.599609375,17468.44921875,17542.80078125,308500,19.8700008392334,-0.0035301685183964926,0.01169258398131312,MID,NEUTRAL
2022-09-02,17598.400390625,17643.849609375,17476.44921875,17539.44921875,256300,19.549999237060547,0.0009701840072566803,0.011184489807867903,MID,NEUTRAL
2022-09-05,17546.44921875,17683.150390625,17540.349609375,17665.80078125,230300,19.65999984741211,0.006088102799539641,0.015967793260788676,MID,NEUTRAL
2022-09-06,17695.69921875,17764.650390625,17587.650390625,17655.599609375,251200,19.520000457763672,0.019794442930866296,0.015740398652341447,MID,NEUTRAL
2022-09-07,17519.400390625,17650.75,17484.30078125,17624.400390625,354100,19.3700008392334,-0.007596041774765472,0.013042126203477444,MID,NEUTRAL
2022-09-08,17748.150390625,17807.650390625,17691.94921875,17798.75,279800,18.309999465942383,0.014589986054197368,0.015614769486309354,MID,NEUTRAL
2022-09-09,17923.349609375,17925.94921875,17786.0,17833.349609375,270300,17.719999313354492,0.016756534766828146,0.017029020053037636,MID,NEUTRAL
2022-09-12,17890.849609375,17980.55078125,17889.150390625,17936.349609375,228200,17.940000534057617,0.015314835227404622,0.01570585023925486,MID,NEUTRAL
2022-09-13,18044.44921875,18088.30078125,18015.44921875,18070.05078125,259900,17.469999313354492,0.02347420541044265,0.021013517368572154,MID,NEUTRAL
2022-09-14,17771.150390625,18091.55078125,17771.150390625,18003.75,365900,18.280000686645508,0.021524114350964796,0.010013884798249606,MID,NEUTRAL
2022-09-15,18046.349609375,18096.150390625,17861.5,17877.400390625,289600,18.389999389648438,0.0044188715850832505,-0.003725405596500253,MID,NEUTRAL
2022-09-16,17796.80078125,17820.05078125,17497.25,17530.849609375,468500,19.81999969482422,-0.01696260134108374,-0.02370452987079885,MID,NEUTRAL
2022-09-19,17540.650390625,17667.19921875,17429.69921875,17622.25,258300,19.940000534057617,-0.017511902712401772,-0.00766954462477476,MID,NEUTRAL
2022-09-20,17770.400390625,17919.30078125,17744.400390625,17816.25,263100,18.799999237060547,-0.014045382844930954,0.018612793987161425,MID,NEUTRAL
2022-09-21,17766.349609375,17838.69921875,17663.599609375,17718.349609375,245500,19.329999923706055,-0.015852274699715285,0.008013062686673234,MID,NEUTRAL
2022-09-22,17609.650390625,17722.75,17532.44921875,17629.80078125,284100,18.81999969482422,-0.01384986653343867,0.0014116236401029436,MID,NEUTRAL
2022-09-23,17593.849609375,17642.150390625,17291.650390625,17327.349609375,390800,20.59000015258789,-0.011608108251135452,-0.011134265931627474,HIGH,NEUTRAL
2022-09-26,17156.30078125,17196.400390625,16978.30078125,17016.30078125,492000,21.889999389648438,-0.03438546262537412,-0.030901685031751946,HIGH,BEAR
2022-09-27,17110.900390625,17176.44921875,16942.349609375,17007.400390625,359900,21.56999969482422,-0.04539954307865013,-0.0176458012873123,HIGH,NEUTRAL
2022-09-28,16870.55078125,17037.599609375,16820.400390625,16858.599609375,323900,22.100000381469727,-0.048523142332912106,-0.050717152829910184,HIGH,BEAR
2022-09-29,16993.599609375,17026.05078125,16788.599609375,16818.099609375,340000,21.299999237060547,-0.04604142621613039,-0.041310460109059144,HIGH,BEAR
2022-09-30,16798.05078125,17187.099609375,16747.69921875,17094.349609375,376100,19.969999313354492,-0.013446949778974537,-0.025377057387821478,MID,NEUTRAL
2022-10-03,17102.099609375,17114.650390625,16855.55078125,16887.349609375,278400,21.3700008392334,-0.007578096645840304,-0.04406543363158644,HIGH,BEAR
2022-10-04,17147.44921875,17287.30078125,17117.30078125,17274.30078125,226000,19.56999969482422,0.01569319146341286,-0.021596481374811738,MID,NEUTRAL
2022-10-06,17379.25,17428.80078125,17315.650390625,17331.80078125,265500,19.31999969482422,0.028068830320393534,-0.016601961081787686,MID,NEUTRAL
2022-10-07,17287.19921875,17337.349609375,17216.94921875,17314.650390625,216300,18.809999465942383,0.029524785367141204,-0.02719851727649414,MID,NEUTRAL
2022-10-10,17094.349609375,17280.150390625,17064.69921875,17241.0,234000,19.6200008392334,0.008578880973896474,-0.033215835630991175,MID,BEAR
2022-10-11,17256.05078125,17261.80078125,16950.30078125,16983.55078125,282600,20.489999771118164,0.005696641219625986,-0.053121111534701004,HIGH,BEAR
2022-10-12,17025.55078125,17142.349609375,16960.05078125,17123.599609375,256000,20.18000030517578,-0.008724009948846922,-0.05237678539658919,HIGH,BEAR
2022-10-13,17087.349609375,17112.349609375,16956.94921875,17014.349609375,266400,20.290000915527344,-0.01831611013083112,-0.05495523935985558,HIGH,BEAR
2022-10-14,17322.30078125,17348.55078125,17169.75,17185.69921875,227000,18.260000228881836,-0.0074475180824222775,-0.03869137328477201,MID,BEAR
2022-10-17,17144.80078125,17328.55078125,17098.55078125,17311.80078125,212200,18.420000076293945,0.0041065356562843824,-0.012495049185058282,MID,NEUTRAL
2022-10-18,17438.75,17527.80078125,17434.05078125,17486.94921875,239500,17.450000762939453,0.02964035283220956,-0.007677838031465933,MID,NEUTRAL
2022-10-19,17568.150390625,17607.599609375,17472.849609375,17512.25,210500,17.489999771118164,0.022696769341197243,-0.01706307444046873,MID,NEUTRAL
2022-10-20,17423.099609375,17584.150390625,17421.0,17563.94921875,249600,17.229999542236328,0.032302122737161154,-0.008714151940161785,MID,NEUTRAL
2022-10-21,17622.849609375,17670.150390625,17520.75,17576.30078125,277700,17.280000686645508,0.02272829039588009,-0.003034634404768699,MID,NEUTRAL
2022-10-24,17736.349609375,17777.55078125,17707.400390625,17730.75,45000,17.420000076293945,0.024200210252173893,0.02328113645301766,MID,NEUTRAL
2022-10-25,17808.30078125,17811.5,17637.0,17656.349609375,251400,16.8799991607666,0.009687246672127614,0.03761386427949476,MID,BULL
2022-10-27,17771.400390625,17783.900390625,17654.5,17736.94921875,324600,16.600000381469727,0.012830973675570068,0.04289596360224168,MID,BULL
2022-10-28,17756.400390625,17838.900390625,17723.69921875,17786.80078125,250000,15.920000076293945,0.012688009952915413,0.0550580234053859,MID,BULL
2022-10-31,17910.19921875,18022.80078125,17899.900390625,18012.19921875,227200,15.800000190734863,0.02480035150314497,0.07100086437289077,MID,BULL
2022-11-01,18130.69921875,18175.80078125,18060.150390625,18145.400390625,349900,16.1299991607666,0.023385947612199143,0.061485274682435254,MID,BULL
2022-11-02,18177.900390625,18178.75,18048.650390625,18082.849609375,270900,16.65999984741211,0.024155615936237496,0.07079263636114441,MID,BULL
2022-11-03,17968.349609375,18106.30078125,17959.19921875,18052.69921875,213000,15.9399995803833,0.017801821277484198,0.045061067730445936,MID,BULL
2022-11-04,18053.400390625,18135.099609375,18017.150390625,18117.150390625,267900,15.65999984741211,0.018572739046093023,0.04531263769340188,MID,BULL
2022-11-07,18211.75,18255.5,18064.75,18202.80078125,314800,15.59000015258789,0.010581804042095522,0.05129473426191078,MID,BULL
2022-11-09,18288.25,18296.400390625,18117.5,18157.0,307200,15.920000076293945,0.0006392589375427971,0.05312916884171459,MID,BULL
2022-11-10,18044.349609375,18103.099609375,17969.400390625,18028.19921875,256500,15.569999694824219,-0.003022222260625762,0.06150942467539244,MID,BULL
2022-11-11,18272.349609375,18362.30078125,18259.349609375,18349.69921875,378500,14.40999984741211,0.016451833401817773,0.07160291278381226,LOW,BULL
2022-11-14,18376.400390625,18399.44921875,18311.400390625,18329.150390625,301400,14.90999984741211,0.011701619483696746,0.07727599417173936,LOW,BULL
2022-11-15,18362.75,18427.94921875,18282.0,18403.400390625,250900,14.640000343322754,0.011020260661295023,0.07085549190494733,LOW,BULL
2022-11-16,18398.25,18442.150390625,18344.150390625,18409.650390625,219300,15.100000381469727,0.01391476513878942,0.06341625710966214,MID,BULL
2022-11-17,18358.69921875,18417.599609375,18312.94921875,18343.900390625,200500,14.880000114440918,0.017511520038377304,0.04900518444670454,LOW,BULL
2022-11-18,18382.94921875,18394.599609375,18209.80078125,18307.650390625,198800,14.390000343322754,-0.002291526832332691,0.04541965713286422,LOW,BULL
2022-11-21,18246.400390625,18262.30078125,18133.349609375,18159.94921875,213800,14.800000190734863,-0.009231261038784577,0.033933142972410346,LOW,BULL
2022-11-22,18179.150390625,18261.849609375,18137.69921875,18244.19921875,177700,13.84000015258789,-0.0086506389306239,0.03799994354969738,LOW,BULL
2022-11-23,18325.19921875,18325.400390625,18246.0,18267.25,178800,14.039999961853027,-0.0077350947792858005,0.030258167308207407,LOW,BULL
2022-11-24,18326.099609375,18529.69921875,18294.25,18484.099609375,204000,13.479999542236328,0.007642824904438017,0.046881151444831515,LOW,BULL
2022-11-25,18528.44921875,18534.900390625,18445.099609375,18512.75,205900,13.329999923706055,0.011202945489937166,0.04373924577908195,LOW,BULL
2022-11-28,18430.55078125,18614.25,18365.599609375,18562.75,206500,13.569999694824219,0.022180721784954782,0.04362500194908403,LOW,BULL
2022-11-29,18552.44921875,18678.099609375,18552.150390625,18618.05078125,195300,13.619999885559082,0.020491530377271028,0.03363562412019805,LOW,BULL
2022-11-30,18625.69921875,18816.05078125,18616.55078125,18758.349609375,345600,13.8100004196167,0.026884156584871866,0.0337798673798726,LOW,BULL
2022-12-01,18871.94921875,18887.599609375,18778.19921875,18812.5,325000,13.359999656677246,0.017766642550359313,0.04035040971898107,LOW,BULL
2022-12-02,18752.400390625,18781.94921875,18639.19921875,18696.099609375,254400,13.449999809265137,0.009903963991033216,0.035640121337464414,LOW,BULL
2022-12-05,18719.55078125,18728.599609375,18591.349609375,18701.05078125,288400,13.729999542236328,0.007450446795329357,0.03222915182771513,LOW,BULL
2022-12-06,18600.650390625,18654.900390625,18577.900390625,18642.75,217800,14.039999961853027,0.0013266275315391152,0.02416931460367211,LOW,NEUTRAL
2022-12-07,18638.849609375,18668.30078125,18528.400390625,18560.5,200500,14.079999923706055,-0.010547282330004126,0.022222834168640127,LOW,NEUTRAL
2022-12-08,18570.849609375,18625.0,18536.94921875,18609.349609375,202800,13.399999618530273,-0.010798691860465115,0.032235631721918345,LOW,BULL
2022-12-09,18662.400390625,18664.69921875,18410.099609375,18496.599609375,215800,13.479999542236328,-0.010670674855624007,0.008005602101362808,LOW,NEUTRAL
2022-12-12,18402.150390625,18521.55078125,18345.69921875,18497.150390625,193900,13.319999694824219,-0.010903151539989109,0.009165727620737307,LOW,NEUTRAL
2022-12-13,18524.400390625,18617.25,18490.19921875,18608.0,187600,12.880000114440918,-0.001863995386946704,0.01111748943305213,LOW,NEUTRAL
2022-12-14,18671.25,18696.099609375,18632.900390625,18660.30078125,208000,12.890000343322754,0.005377052409687222,0.013615162988246832,LOW,NEUTRAL
2022-12-15,18614.400390625,18652.900390625,18387.69921875,18414.900390625,183100,13.729999542236328,-0.010449006699946195,0.0038704963768929623,LOW,NEUTRAL
2022-12-16,18319.099609375,18440.94921875,18255.150390625,18269.0,277700,14.069999694824219,-0.012304943296693405,-0.0021111606241286385,LOW,NEUTRAL
2022-12-19,18288.099609375,18431.650390625,18244.55078125,18420.44921875,154800,13.550000190734863,-0.004146648010921461,0.014344753768971819,LOW,NEUTRAL
2022-12-20,18340.30078125,18404.900390625,18202.650390625,18385.30078125,169000,13.779999732971191,-0.01196792878063202,0.007734050741727616,LOW,NEUTRAL
2022-12-21,18435.150390625,18473.349609375,18162.75,18199.099609375,187600,15.5600004196167,-0.02471563439847757,-0.003730741661990722,MID,NEUTRAL
2022-12-22,18288.80078125,18318.75,18068.599609375,18127.349609375,195700,15.1899995803833,-0.015615114670747388,-0.019300372078662642,MID,NEUTRAL
2022-12-23,17977.650390625,18050.44921875,17779.5,17806.80078125,221500,16.15999984741211,-0.025299645232360835,-0.038133136284452585,MID,BEAR
2022-12-26,17830.400390625,18084.099609375,17774.25,18014.599609375,176700,,-0.02203255765130252,-0.029529589668826017,,NEUTRAL
2022-12-27,18089.80078125,18149.25,17967.44921875,18132.30078125,214300,15.289999961853027,-0.013760993252719511,-0.02609027151699428,MID,NEUTRAL
2022-12-28,18084.75,18173.099609375,18068.349609375,18122.5,193900,15.399999618530273,-0.004208977972489425,-0.033896884460305476,MID,BEAR
2022-12-29,18045.69921875,18229.69921875,17992.80078125,18191.0,281100,14.8100004196167,0.003511290508353193,-0.03303654485049834,LOW,BEAR
2022-12-30,18259.099609375,18265.25,18080.30078125,18105.30078125,192000,14.869999885559082,0.016763258244249624,-0.031600111278223486,LOW,BEAR
2023-01-02,18131.69921875,18215.150390625,18086.5,18197.44921875,256100,14.6899995803833,0.010150079010351254,-0.026929051655478098,LOW,NEUTRAL
2023-01-03,18163.19921875,18251.94921875,18149.80078125,18232.55078125,208700,14.390000343322754,0.0055288074695774014,-0.022003149682852552,LOW,NEUTRAL
2023-01-04,18230.650390625,18243.0,18020.599609375,18042.94921875,235200,15.199999809265137,-0.004389614084701288,-0.027884527962608763,MID,NEUTRAL
2023-01-05,18101.94921875,18120.30078125,17892.599609375,17992.150390625,269900,14.979999542236328,-0.010931208255456015,-0.033166082195536184,LOW,BEAR
2023-01-06,18008.05078125,18047.400390625,17795.55078125,17859.44921875,238200,15.029999732971191,-0.013578982501887271,-0.034446893163112,MID,BEAR
2023-01-09,17952.55078125,18141.400390625,17936.150390625,18101.19921875,257200,14.649999618530273,-0.0052892028351329,-0.021406063286141697,LOW,NEUTRAL
2023-01-10,18121.30078125,18127.599609375,17856.0,17914.150390625,283300,15.510000228881836,-0.017463293778533506,-0.037287704717057224,MID,BEAR
2023-01-11,17924.25,17976.349609375,17824.349609375,17895.69921875,259900,15.4399995803833,-0.008161082659756125,-0.04097477160005247,MID,BEAR
2023-01-12,17920.849609375,17945.80078125,17761.650390625,17858.19921875,227800,15.279999732971191,-0.00744497844708969,-0.03023101727763977,MID,BEAR
2023-01-13,17867.5,17999.349609375,17774.25,17956.599609375,256700,14.460000038146973,0.005439719301254087,-0.017100026855602413,LOW,NEUTRAL
2023-01-16,18033.150390625,18049.650390625,17853.650390625,17894.849609375,206200,15.020000457763672,-0.011399775610516083,-0.028533484885916782,MID,NEUTRAL
2023-01-17,17922.80078125,18072.05078125,17886.94921875,18053.30078125,219100,14.59000015258789,0.0077676243411366475,-0.01805790418933939,LOW,NEUTRAL
2023-01-18,18074.30078125,18183.75,18032.44921875,18165.349609375,255800,14.369999885559082,0.015067887950557246,-0.0018544873496166847,LOW,NEUTRAL
2023-01-19,18119.80078125,18155.19921875,18063.75,18107.849609375,237800,13.960000038146973,0.013979594894589553,-0.0010757226191475677,LOW,NEUTRAL
2023-01-20,18115.599609375,18145.44921875,18016.19921875,18027.650390625,237200,13.789999961853027,0.003956806009802971,0.012402542831138286,LOW,NEUTRAL
2023-01-23,18118.44921875,18162.599609375,18063.44921875,18118.55078125,202500,13.619999885559082,0.012500869063342357,0.0057703848061603225,LOW,NEUTRAL
2023-01-24,18183.94921875,18201.25,18078.650390625,18118.30078125,216900,13.65999984741211,0.003600449623456514,-0.0007721027887689358,LOW,NEUTRAL
2023-01-25,18093.349609375,18100.599609375,17846.150390625,17891.94921875,257200,14.65999984741211,-0.015050653937532799,-0.012721797834184034,LOW,NEUTRAL
2023-01-27,17877.19921875,17884.75,17493.55078125,17604.349609375,476300,17.31999969482422,-0.027805620814263965,-0.03224948549420048,MID,BEAR
2023-01-30,17541.94921875,17709.150390625,17405.55078125,17648.94921875,432400,17.709999084472656,-0.021006684935044984,-0.025205411830142133,MID,NEUTRAL
2023-01-31,17731.44921875,17735.69921875,17537.55078125,17662.150390625,398300,16.8799991607666,-0.025189674170701726,-0.02941614627908662,MID,NEUTRAL
2023-02-01,17811.599609375,17972.19921875,17353.400390625,17616.30078125,512900,16.780000686645508,-0.027706792489034182,-0.03379943966116572,MID,BEAR
2023-02-02,17517.099609375,17653.900390625,17445.94921875,17610.400390625,490100,15.729999542236328,-0.01573606233075764,-0.023973288561689232,MID,NEUTRAL
2023-02-03,17721.75,17870.30078125,17584.19921875,17854.05078125,424100,14.399999618530273,0.014184061178950103,-0.0076755477459191646,LOW,NEUTRAL
2023-02-06,17818.55078125,17823.69921875,17698.349609375,17764.599609375,282500,14.6899995803833,0.006552820181619401,-0.005310892190080629,LOW,NEUTRAL
2023-02-07,17790.099609375,17811.150390625,17652.55078125,17721.5,354400,14.130000114440918,0.0033602708652340496,-0.020976467589876147,LOW,NEUTRAL
2023-02-08,17750.30078125,17898.69921875,17744.150390625,17871.69921875,291000,13.600000381469727,0.014497847230891647,-0.002369700541155262,LOW,NEUTRAL
2023-02-09,17885.5,17916.900390625,17779.80078125,17893.44921875,260900,13.039999961853027,0.01607282184655401,-0.0001257285324532953,LOW,NEUTRAL
2023-02-10,17847.55078125,17876.94921875,17801.0,17856.5,232000,12.75,0.00013718000357498816,-9.515062124609841e-05,LOW,NEUTRAL
2023-02-13,17859.099609375,17880.69921875,17719.75,17770.900390625,231300,13.680000305175781,0.00035468186103537747,-0.010341558134038253,LOW,NEUTRAL
2023-02-14,17840.349609375,17954.55078125,17800.05078125,17929.849609375,244500,13.449999809265137,0.011756883411393027,0.00195587002763431,LOW,NEUTRAL
2023-02-15,17896.599609375,18034.099609375,17853.80078125,18015.849609375,229300,12.859999656677246,0.008065846949447675,-0.002074477810390052,LOW,NEUTRAL
2023-02-16,18094.75,18134.75,18000.650390625,18035.849609375,230200,12.890000343322754,0.007958241526501375,-0.007128957206150699,LOW,NEUTRAL
2023-02-17,17974.849609375,18034.25,17884.599609375,17944.19921875,208100,13.09000015258789,0.004911333057990186,-0.009037538645133902,LOW,NEUTRAL
2023-02-20,17965.55078125,18004.349609375,17818.400390625,17844.599609375,174600,13.380000114440918,0.004147185405916742,-0.010153890123429155,LOW,NEUTRAL
2023-02-21,17905.80078125,17924.900390625,17800.30078125,17826.69921875,198200,14.010000228881836,-0.005752998093808137,-0.016107886663983217,LOW,NEUTRAL
2023-02-22,17755.349609375,17772.5,17529.44921875,17554.30078125,204000,15.59000015258789,-0.02561904312771468,-0.03112874693987111,MID,BEAR
2023-02-23,17574.650390625,17620.05078125,17455.400390625,17511.25,240800,15.079999923706055,-0.029086492776160378,-0.021277682721737357,MID,NEUTRAL
2023-02-24,17591.349609375,17599.75,17421.80078125,17465.80078125,209400,14.1899995803833,-0.026660339180815562,-0.00787014750327486,LOW,NEUTRAL
2023-02-27,17428.599609375,17451.599609375,17299.0,17392.69921875,246400,13.880000114440918,-0.025324210154179405,-0.014519277993488955,LOW,NEUTRAL
2023-02-28,17383.25,17440.44921875,17255.19921875,17303.94921875,420900,14.020000457763672,-0.029323992825894263,-0.02028072255941904,LOW,NEUTRAL
2023-03-01,17360.099609375,17467.75,17345.25,17450.900390625,272900,13.0,-0.005890316675868035,-0.009389053506684286,LOW,NEUTRAL
2023-03-02,17421.5,17445.80078125,17306.0,17321.900390625,310700,12.970000267028809,-0.01081302644728388,-0.016382364602770982,LOW,NEUTRAL
2023-03-03,17451.25,17644.75,17427.69921875,17594.349609375,356200,12.180000305175781,0.007360030595505274,-0.01454578431846587,LOW,NEUTRAL
2023-03-06,17680.349609375,17799.94921875,17671.94921875,17711.44921875,362800,12.270000457763672,0.018326655109195178,-0.002991927304511255,LOW,NEUTRAL
2023-03-08,17665.75,17766.5,17602.25,17754.400390625,267000,12.449999809265137,0.02603169751486001,0.0018565240315435716,LOW,NEUTRAL
2023-03-09,17772.05078125,17772.349609375,17573.599609375,17589.599609375,262400,12.729999542236328,0.007947969196163251,-0.015784711119076866,LOW,NEUTRAL
2023-03-10,17443.80078125,17451.5,17324.349609375,17412.900390625,235900,13.40999984741211,0.005253465148041814,-0.026856131663058447,LOW,NEUTRAL
2023-03-13,17421.900390625,17529.900390625,17113.44921875,17154.30078125,254900,16.219999313354492,-0.025010803916873603,-0.0393245719345896,MID,BEAR
2023-03-14,17160.55078125,17224.650390625,16987.099609375,17043.30078125,290600,16.219999313354492,-0.03772409751725303,-0.04094331707350318,MID,BEAR
2023-03-15,17166.44921875,17211.349609375,16938.900390625,16972.150390625,248200,16.299999237060547,-0.04405949977409873,-0.053413678285915256,MID,BEAR
2023-03-16,16994.650390625,17062.44921875,16850.150390625,16985.599609375,349800,16.219999313354492,-0.03433847349646757,-0.057185757115994273,MID,BEAR
2023-03-17,17111.80078125,17145.80078125,16958.150390625,17100.05078125,408100,14.770000457763672,-0.017966542181762968,-0.05188548631712775,LOW,BEAR
2023-03-20,17066.599609375,17066.599609375,16828.349609375,16988.400390625,241800,16.010000228881836,-0.009671066908558124,-0.053265058890244577,MID,BEAR
2023-03-21,17060.400390625,17127.69921875,17016.0,17107.5,246700,15.079999923706055,0.0037668301213475974,-0.04130659277934989,MID,BEAR
2023-03-22,17177.44921875,17207.25,17107.849609375,17151.900390625,0,14.8100004196167,0.010590879521035212,-0.03785326828284907,LOW,BEAR
2023-03-23,17097.400390625,17205.400390625,17045.30078125,17076.900390625,219200,14.489999771118164,0.005375187414614846,-0.027195636931031664,LOW,NEUTRAL
2023-03-24,17076.19921875,17109.44921875,16917.349609375,16945.05078125,228000,15.239999771118164,-0.00906430056745533,-0.03233345527874942,MID,BEAR
2023-03-27,16984.30078125,17091.0,16918.55078125,16985.69921875,218400,15.449999809265137,-0.00015900095435061878,-0.027488093361021426,MID,NEUTRAL
2023-03-28,17031.75,17061.75,16913.75,16951.69921875,238800,15.100000381469727,-0.009107162428759308,-0.025355466362839474,MID,NEUTRAL
2023-03-29,16977.30078125,17126.150390625,16940.599609375,17080.69921875,345900,13.630000114440918,-0.0041512118338745685,-0.012901679100981944,LOW,NEUTRAL
2023-03-31,17210.349609375,17381.599609375,17204.650390625,17359.75,263900,12.9399995803833,0.016563287417796335,-0.005223248576558759,LOW,NEUTRAL
2023-04-03,17427.94921875,17428.05078125,17312.75,17398.05078125,230200,12.59000015258789,0.026733469604071747,0.004396191463277077,LOW,NEUTRAL
2023-04-05,17422.30078125,17570.55078125,17402.69921875,17557.05078125,248300,12.40999984741211,0.03363721181812185,-0.002119932191476104,LOW,NEUTRAL
2023-04-06,17533.849609375,17638.69921875,17502.849609375,17599.150390625,242700,11.800000190734863,0.038193880360905874,-0.006340465240197046,LOW,NEUTRAL
2023-04-10,17634.900390625,17694.099609375,17597.94921875,17624.05078125,254800,12.270000457763672,0.031810850102877986,-0.007341819859139287,LOW,NEUTRAL
2023-04-11,17704.80078125,17748.75,17655.150390625,17722.30078125,304300,11.979999542236328,0.020884562349688274,0.007544297472483308,LOW,NEUTRAL
2023-04-12,17759.55078125,17825.75,17717.25,17812.400390625,232800,12.270000457763672,0.02381586389100243,0.022942760312066657,LOW,NEUTRAL
2023-04-13,17807.30078125,17842.150390625,17729.650390625,17828.0,285800,11.90999984741211,0.015432501855001668,0.0392729046401219,LOW,BULL
2023-04-17,17863.0,17863.0,17574.05078125,17706.849609375,357400,12.270000457763672,0.006119569204168673,0.0389331172782561,LOW,BULL
2023-04-18,17766.599609375,17766.599609375,17610.19921875,17660.150390625,258900,12.079999923706055,0.002048315102076703,0.040536996442126494,LOW,BULL
2023-04-19,17653.349609375,17666.150390625,17579.849609375,17618.75,281500,12.149999618530273,-0.005842964890854119,0.03727571620583481,LOW,BULL
2023-04-20,17638.599609375,17684.44921875,17584.349609375,17624.44921875,215100,11.9399995803833,-0.01055170374308012,0.030666484223251356,LOW,BULL
2023-04-21,17639.75,17663.19921875,17553.94921875,17624.05078125,230200,11.630000114440918,-0.011439826046107271,0.037416730004537824,LOW,BULL
2023-04-24,17707.55078125,17754.5,17612.5,17743.400390625,255700,11.670000076293945,0.0020642170717171116,0.03717085434020162,LOW,BULL
2023-04-25,17761.55078125,17807.44921875,17716.849609375,17769.25,297400,11.520000457763672,0.006177728216454792,0.03599307338051205,LOW,BULL
2023-04-26,17767.30078125,17827.75,17711.19921875,17813.599609375,233000,11.649999618530273,0.011059218694572603,0.04314010165184534,LOW,BULL
2023-04-27,17813.099609375,17931.599609375,17797.900390625,17915.05078125,241400,11.430000305175781,0.016488547181993107,0.057243853236091935,LOW,BULL
2023-04-28,17950.400390625,18089.150390625,17885.30078125,18065.0,290300,10.949999809265137,0.025019742862924632,0.0635417339816422,LOW,BULL
2023-05-02,18124.80078125,18180.25,18101.75,18147.650390625,265200,11.899999618530273,0.022783118855481233,0.07055051864961004,LOW,BULL
2023-05-03,18113.80078125,18116.349609375,18042.400390625,18089.849609375,226200,11.84000015258789,0.01804238273281089,0.059081327860233346,LOW,BULL
2023-05-04,18081.0,18267.44921875,18066.69921875,18255.80078125,226600,11.729999542236328,0.024823796513439023,0.05161657173922429,LOW,BULL
2023-05-05,18117.30078125,18216.94921875,18055.44921875,18069.0,239700,12.300000190734863,0.008593289554675643,0.03856462009371109,LOW,BULL
2023-05-08,18120.599609375,18286.94921875,18100.30078125,18264.400390625,228400,12.640000343322754,0.011037940250484324,0.04028863493009949,LOW,BULL
2023-05-09,18303.400390625,18344.19921875,18229.650390625,18265.94921875,245400,12.680000305175781,0.006518685646826894,0.03788812603591363,LOW,BULL
2023-05-10,18313.599609375,18326.75,18211.94921875,18315.099609375,220500,13.079999923706055,0.012451734252299396,0.039210555887650766,LOW,BULL
2023-05-11,18357.80078125,18389.69921875,18270.400390625,18297.0,248900,13.220000267028809,0.002256774120383387,0.0324280253361926,LOW,BULL
2023-05-12,18273.75,18342.75,18194.55078125,18314.80078125,241700,12.850000381469727,0.013603452390835047,0.028205091936369442,LOW,NEUTRAL
2023-05-15,18339.30078125,18458.900390625,18287.900390625,18398.849609375,216100,13.170000076293945,0.007361271975783623,0.03201983449489565,LOW,BULL
2023-05-16,18432.349609375,18432.349609375,18264.349609375,18286.5,219500,13.289999961853027,0.001125086958464916,0.0327359413680286,LOW,BULL
2023-05-17,18300.44921875,18309.0,18115.349609375,18181.75,229900,13.109999656677246,-0.007280856354542675,0.029535400199756756,LOW,NEUTRAL
2023-05-18,18287.5,18297.19921875,18104.849609375,18129.94921875,272100,12.800000190734863,-0.009129954705689447,0.029014499822632045,LOW,NEUTRAL
2023-05-19,18186.150390625,18218.099609375,18060.400390625,18203.400390625,260900,12.300000190734863,-0.00608253357246713,0.03284931998096563,LOW,BULL
2023-05-22,18201.099609375,18335.25,18178.849609375,18314.400390625,262600,12.569999694824219,-0.004589918421147865,0.039170881765130616,LOW,BULL
2023-05-23,18362.900390625,18419.75,18324.19921875,18348.0,270400,12.609999656677246,0.0033631367402182644,0.03407461907326681,LOW,BULL
2023-05-24,18294.80078125,18392.599609375,18262.94921875,18285.400390625,232600,13.109999656677246,0.0057007928623482584,0.029047393144055134,LOW,NEUTRAL
2023-05-25,18268.900390625,18338.099609375,18202.400390625,18321.150390625,235900,12.520000457763672,0.01054615043693885,0.028492320046470843,LOW,NEUTRAL
2023-05-26,18368.349609375,18508.55078125,18333.150390625,18499.349609375,198700,11.899999618530273,0.016257908544516697,0.032614969126212534,LOW,BULL
2023-05-29,18619.150390625,18641.19921875,18581.25,18598.650390625,265300,12.300000190734863,0.015520573643541535,0.02954056964433982,LOW,NEUTRAL
2023-05-30,18606.650390625,18662.44921875,18575.5,18633.849609375,234400,12.010000228881836,0.015579333408273444,0.026791304013723316,LOW,NEUTRAL
2023-05-31,18594.19921875,18603.900390625,18483.849609375,18534.400390625,696500,11.970000267028809,0.013617421258528273,0.02457459795683503,LOW,NEUTRAL
2023-06-01,18579.400390625,18580.30078125,18464.55078125,18487.75,265600,11.600000381469727,0.00909329413398896,0.012705507774177116,LOW,NEUTRAL
2023-06-02,18550.849609375,18573.69921875,18478.400390625,18534.099609375,270900,11.130000114440918,0.0018784444174400061,0.025740196434500984,LOW,NEUTRAL
2023-06-05,18612.0,18640.150390625,18582.80078125,18593.849609375,256100,11.140000343322754,-0.00025812524829327277,0.018037779051268688,LOW,NEUTRAL
2023-06-06,18600.80078125,18622.75,18531.599609375,18599.0,220800,11.380000114440918,-0.001870231331987715,0.018233423144969896,LOW,NEUTRAL
2023-06-07,18665.599609375,18738.94921875,18636.0,18726.400390625,260100,11.4399995803833,0.010359115803774133,0.02245692297733748,LOW,NEUTRAL
2023-06-08,18725.349609375,18777.900390625,18615.599609375,18634.55078125,286500,11.260000228881836,0.007940435220619158,0.018448422214024207,LOW,NEUTRAL
2023-06-09,18655.900390625,18676.650390625,18555.400390625,18563.400390625,221800,11.119999885559082,0.0015809120414556066,0.013573699891374469,LOW,NEUTRAL
2023-06-12,18595.05078125,18633.599609375,18559.75,18601.5,179500,11.25,0.00041144737564957623,0.011014296813521396,LOW,NEUTRAL
2023-06-13,18631.80078125,18728.900390625,18631.80078125,18716.150390625,233200,11.109999656677246,0.0062987467404160835,0.023495496165203855,LOW,NEUTRAL
2023-06-14,18744.599609375,18769.69921875,18690.0,18755.900390625,261400,11.15999984741211,0.001575316098376689,0.031578389903337056,LOW,BULL
2023-06-15,18774.44921875,18794.099609375,18669.05078125,18688.099609375,263000,11.079999923706055,0.0028736312859700686,0.03078609784785069,LOW,BULL
2023-06-16,18723.30078125,18864.69921875,18710.5,18826.0,272800,10.84000015258789,0.014146094134112497,0.03420237955627492,LOW,BULL
2023-06-19,18873.30078125,18881.44921875,18719.150390625,18755.44921875,219800,11.229999542236328,0.008276172284493288,0.024082078512970062,LOW,NEUTRAL
2023-06-20,18752.349609375,18839.69921875,18660.650390625,18816.69921875,211600,11.130000114440918,0.005372302852159505,0.025544975951057314,LOW,NEUTRAL
2023-06-21,18849.400390625,18875.900390625,18794.849609375,18856.849609375,217500,11.289999961853027,0.005382264601941467,0.03125166562078596,LOW,BULL
2023-06-22,18853.599609375,18886.599609375,18759.5,18771.25,252700,11.550000190734863,0.004449376467540178,0.02456721329056477,LOW,NEUTRAL
2023-06-23,18741.849609375,18756.400390625,18647.099609375,18665.5,210600,11.239999771118164,-0.00852544353553597,0.008981417948920711,LOW,NEUTRAL
2023-06-26,18682.349609375,18722.05078125,18646.69921875,18691.19921875,171300,11.399999618530273,-0.0034256710810087743,0.004976104511951629,LOW,NEUTRAL
2023-06-27,18748.55078125,18829.25,18714.25,18817.400390625,222500,10.779999732971191,3.726327698871934e-05,0.00985039511951702,LOW,NEUTRAL
2023-06-28,18908.150390625,19011.25,18861.349609375,18972.099609375,398800,10.890000343322754,0.006111837469536807,0.023615504657566122,LOW,NEUTRAL
2023-06-30,19076.849609375,19201.69921875,19024.599609375,19189.05078125,247900,10.800000190734863,0.022257483185722737,0.03793326831280175,LOW,BULL
2023-07-03,19246.5,19345.099609375,19234.400390625,19322.55078125,226100,11.539999961853027,0.035201349079853284,0.04254057054253568,LOW,BULL
2023-07-04,19406.599609375,19434.150390625,19300.0,19389.0,226900,11.699999809265137,0.03733311988617638,0.04276416166257935,LOW,BULL
2023-07-05,19405.94921875,19421.599609375,19339.599609375,19398.5,224400,11.880000114440918,0.030880971723623807,0.04298618205279858,LOW,BULL
2023-07-06,19385.69921875,19512.19921875,19373.0,19497.30078125,268300,11.84000015258789,0.027682817542001192,0.041166501545643275,LOW,BULL
2023-07-07,19422.80078125,19523.599609375,19303.599609375,19331.80078125,237100,11.529999732971191,0.007439138164118342,0.03741705438381526,LOW,BULL
2023-07-10,19400.349609375,19435.849609375,19327.099609375,19355.900390625,268200,11.460000038146973,0.0017259423847579836,0.042691531902755875,LOW,BULL
2023-07-11,19427.099609375,19515.099609375,19406.44921875,19439.400390625,251300,11.010000228881836,0.0025994321844859947,0.04504477545493635,LOW,BULL
2023-07-12,19497.44921875,19507.69921875,19361.75,19384.30078125,327900,10.9399995803833,-0.0007319750882800458,0.035699135595730125,LOW,BULL
2023-07-13,19495.19921875,19567.0,19385.80078125,19413.75,310400,10.9399995803833,-0.004285248619149806,0.035074275064065796,LOW,BULL
2023-07-14,19493.44921875,19595.349609375,19433.5,19564.5,291200,10.680000305175781,0.012037120668846102,0.046896175049567335,LOW,BULL
2023-07-17,19612.150390625,19731.849609375,19562.94921875,19711.44921875,268700,11.319999694824219,0.018369015181397108,0.047033316623287025,LOW,BULL
2023-07-18,19787.5,19819.44921875,19690.19921875,19749.25,286400,11.710000038146973,0.01593925754646386,0.05298730889668524,LOW,BULL
2023-07-19,19802.94921875,19851.69921875,19727.44921875,19833.150390625,259700,11.600000381469727,0.023155315966266965,0.054018569360037016,LOW,BULL
2023-07-20,19831.69921875,19991.849609375,19758.400390625,19979.150390625,274700,11.789999961853027,0.029123708228703915,0.05951687606884404,LOW,BULL
2023-07-21,19800.44921875,19887.400390625,19700.0,19745.0,312500,11.489999771118164,0.009225893838329613,0.05187454218552312,LOW,BULL
2023-07-24,19748.44921875,19782.75,19658.30078125,19672.349609375,265600,11.649999618530273,-0.0019835989196475,0.05394174328975909,LOW,BULL
2023-07-25,19729.349609375,19729.349609375,19615.94921875,19680.599609375,369700,10.239999771118164,-0.0034761011494107708,0.052934024138616476,LOW,BULL
2023-07-26,19733.349609375,19825.599609375,19716.69921875,19778.30078125,244700,10.460000038146973,-0.002765552032567009,0.05106446005707199,LOW,BULL
2023-07-27,19850.900390625,19867.55078125,19603.55078125,19659.900390625,334900,10.510000228881836,-0.015979157960080426,0.036253276938843726,LOW,BULL
2023-07-28,19659.75,19695.900390625,19563.099609375,19646.05078125,258700,10.140000343322754,-0.005011355722967847,0.023815664735566067,LOW,NEUTRAL
2023-07-31,19666.349609375,19772.75,19597.599609375,19753.80078125,295100,10.40999984741211,0.004140388590704092,0.02231848190656449,LOW,NEUTRAL
2023-08-01,19784.0,19795.599609375,19704.599609375,19733.55078125,298000,10.279999732971191,0.0026905263521430633,0.017770425563463865,LOW,NEUTRAL
2023-08-02,19655.400390625,19678.25,19423.55078125,19526.55078125,290700,11.279999732971191,-0.01272859598933096,0.00660106612624678,LOW,NEUTRAL
2023-08-03,19463.75,19537.650390625,19296.44921875,19381.650390625,315700,11.1899995803833,-0.014153174455181161,-0.00593161032506706,LOW,NEUTRAL
2023-08-04,19462.80078125,19538.849609375,19436.44921875,19517.0,280800,10.569999694824219,-0.0065687899663359195,0.00958002934365143,LOW,NEUTRAL
2023-08-07,19576.849609375,19620.44921875,19524.80078125,19597.30078125,216600,11.100000381469727,-0.007922525985406659,0.01247166940071276,LOW,NEUTRAL
2023-08-08,19627.19921875,19634.400390625,19533.099609375,19570.849609375,260300,11.329999923706055,-0.008244900964786916,0.006761999655781281,LOW,NEUTRAL
2023-08-09,19578.80078125,19645.5,19467.5,19632.55078125,266500,11.140000343322754,0.005428506098567265,0.012806755466781006,LOW,NEUTRAL
2023-08-10,19605.55078125,19623.599609375,19495.400390625,19543.099609375,312200,11.399999618530273,0.00833000366305714,0.006662783304359099,LOW,NEUTRAL
2023-08-11,19554.25,19557.75,19412.75,19428.30078125,235500,11.520000457763672,-0.004544715824665646,-0.006961548659562,LOW,NEUTRAL
2023-08-14,19383.94921875,19465.849609375,19257.900390625,19434.55078125,243900,12.0,-0.008304715114425987,-0.014047594087430504,LOW,NEUTRAL
2023-08-16,19369.0,19482.75,19317.19921875,19465.0,0,12.130000114440918,-0.005408534196915782,-0.014392951631074569,LOW,NEUTRAL
2023-08-17,19450.55078125,19461.55078125,19326.25,19365.25,268700,12.239999771118164,-0.013615183489314342,-0.023591833945159513,LOW,NEUTRAL
2023-08-18,19301.75,19373.80078125,19253.599609375,19310.150390625,256100,12.140000343322754,-0.011919768276586584,-0.03348490736192267,LOW,BEAR
2023-08-21,19320.650390625,19425.94921875,19296.30078125,19393.599609375,262600,11.960000038146973,-0.0017861146101099123,-0.017796930393770616,LOW,NEUTRAL
2023-08-22,19417.099609375,19443.5,19381.30078125,19396.44921875,208700,11.75,-0.001960506467520662,-0.014024780776238255,LOW,NEUTRAL
2023-08-23,19439.19921875,19472.05078125,19366.599609375,19444.0,225200,11.729999542236328,-0.0010788594913948568,-0.012021971589843972,LOW,NEUTRAL
2023-08-24,19535.150390625,19584.44921875,19369.0,19386.69921875,268300,11.699999809265137,0.001107613831476506,-0.0197995554234488,LOW,NEUTRAL
2023-08-25,19297.400390625,19339.55078125,19229.69921875,19265.80078125,466500,12.079999923706055,-0.0022966993253730195,-0.020045859925258314,LOW,NEUTRAL
2023-08-28,19298.349609375,19366.849609375,19249.69921875,19306.05078125,248200,12.399999618530273,-0.004514315541642833,-0.01730627716408495,LOW,NEUTRAL
2023-08-29,19374.849609375,19377.900390625,19309.099609375,19342.650390625,307400,12.229999542236328,-0.002773643130155712,-0.020813735805985112,LOW,NEUTRAL
2023-08-30,19433.44921875,19452.80078125,19334.75,19347.44921875,233000,11.800000190734863,-0.004965582249022882,-0.019565741957947913,LOW,NEUTRAL
2023-08-31,19375.55078125,19388.19921875,19223.650390625,19253.80078125,562600,12.0600004196167,-0.006855134853047451,-0.013968160739473934,LOW,NEUTRAL
2023-09-01,19258.150390625,19458.55078125,19255.69921875,19435.30078125,333000,11.369999885559082,0.008797973254502045,0.002768102279409046,LOW,NEUTRAL
2023-09-04,19525.05078125,19545.150390625,19432.849609375,19528.80078125,296800,10.960000038146973,0.01153783352814619,0.0006046411461801959,LOW,NEUTRAL
2023-09-05,19564.650390625,19587.05078125,19525.75,19574.900390625,256800,10.819999694824219,0.012007144590307384,-0.0011430344859753028,LOW,NEUTRAL
2023-09-06,19581.19921875,19636.44921875,19491.5,19611.05078125,287600,10.680000305175781,0.013624615809537222,0.0020541352407992264,LOW,NEUTRAL
2023-09-07,19598.650390625,19737.0,19550.05078125,19727.05078125,304900,10.869999885559082,0.024579562517384357,0.0048134346398966965,LOW,NEUTRAL
2023-09-08,19774.80078125,19867.150390625,19727.05078125,19819.94921875,288100,10.779999732971191,0.019791226378708116,0.014166105423839337,LOW,NEUTRAL
2023-09-11,19890.0,20008.150390625,19865.349609375,19996.349609375,248800,11.350000381469727,0.02394150226438385,0.029238214629311088,LOW,NEUTRAL
2023-09-12,20110.150390625,20110.349609375,19914.650390625,19993.19921875,328100,11.6899995803833,0.02136914210431118,0.02874511707463645,LOW,NEUTRAL
2023-09-13,19989.5,20096.900390625,19944.099609375,20070.0,251400,11.829999923706055,0.02340258173156129,0.031081428204469574,LOW,BULL
2023-09-14,20127.94921875,20167.650390625,20043.44921875,20103.099609375,275100,11.319999694824219,0.019062597460458797,0.03810173425982111,LOW,BULL
2023-09-15,20156.44921875,20222.44921875,20129.69921875,20192.349609375,438200,10.899999618530273,0.01878916976602052,0.04568577669795393,LOW,BULL
2023-09-18,20155.94921875,20195.349609375,20115.69921875,20133.30078125,264900,10.84000015258789,0.006848808635091741,0.038141509919459304,LOW,BULL
2023-09-20,19980.75,20050.650390625,19878.849609375,19901.400390625,378100,11.130000114440918,-0.00459150269652242,0.026033175772546935,LOW,NEUTRAL
2023-09-21,19840.55078125,19848.75,19709.94921875,19742.349609375,275100,10.819999694824219,-0.01632538069880418,0.015344044917455335,LOW,NEUTRAL
2023-09-22,19744.849609375,19798.650390625,19657.5,19674.25,246400,10.65999984741211,-0.02133251178713791,0.014832374402956372,LOW,NEUTRAL
2023-09-25,19678.19921875,19734.150390625,19601.55078125,19674.55078125,188400,10.899999618530273,-0.02564331730293501,0.021216351432316705,LOW,NEUTRAL
2023-09-26,19682.80078125,19699.349609375,19637.44921875,19664.69921875,204900,11.1899995803833,-0.023274949676230228,0.01857699648486988,LOW,NEUTRAL
2023-09-27,19637.05078125,19730.69921875,19554.0,19716.44921875,203600,11.59000015258789,-0.009293374749755112,0.019325109050524647,LOW,NEUTRAL
2023-09-28,19761.80078125,19766.650390625,19492.099609375,19523.55078125,352800,12.819999694824219,-0.011082714694764628,0.009102055806371467,LOW,NEUTRAL
2023-09-29,19581.19921875,19726.25,19551.05078125,19638.30078125,243500,11.449999809265137,-0.0018272218127756146,0.01997008301729397,LOW,NEUTRAL
2023-10-03,19622.400390625,19623.19921875,19479.650390625,19528.75,221700,11.789999961853027,-0.007410628220744453,0.004808220865825552,LOW,NEUTRAL
2023-10-04,19446.30078125,19457.80078125,19333.599609375,19436.099609375,277100,11.65999984741211,-0.011624871900254297,-0.00474689526066574,LOW,NEUTRAL
2023-10-05,19521.849609375,19576.94921875,19487.30078125,19545.75,234900,10.9399995803833,-0.008657705901104595,-0.001489171849832771,LOW,NEUTRAL
2023-10-06,19621.19921875,19675.75,19589.400390625,19653.5,159100,10.300000190734863,0.006656023804583855,0.002164556056862832,LOW,NEUTRAL
2023-10-09,19539.44921875,19588.94921875,19480.5,19512.349609375,165100,11.399999618530273,-0.0064135473469911775,-0.010883591990297314,LOW,NEUTRAL
2023-10-10,19565.599609375,19717.80078125,19565.44921875,19689.849609375,216600,11.270000457763672,0.008249355917557377,-0.006564073799539494,LOW,NEUTRAL
2023-10-11,19767.0,19839.19921875,19756.94921875,19811.349609375,213700,10.989999771118164,0.019306857216300655,-0.009251688613869047,LOW,NEUTRAL
2023-10-12,19822.69921875,19843.30078125,19772.650390625,19794.0,217900,10.619999885559082,0.012700970799278677,-0.009963348865307475,LOW,NEUTRAL
2023-10-13,19654.55078125,19805.400390625,19635.30078125,19751.05078125,255000,10.619999885559082,0.004963532258885239,-0.015891839499252658,LOW,NEUTRAL
2023-10-16,19737.25,19781.30078125,19691.849609375,19731.75,181000,11.069999694824219,0.011244180993947861,-0.018472256348062044,LOW,NEUTRAL
2023-10-17,19843.19921875,19849.75,19775.650390625,19811.5,185800,10.699999809265137,0.006178330106039853,-0.01886108435831446,LOW,NEUTRAL
2023-10-18,19820.44921875,19840.94921875,19659.94921875,19671.099609375,198900,10.970000267028809,-0.007079275403510721,-0.02295704896563433,LOW,NEUTRAL
2023-10-19,19545.19921875,19681.80078125,19512.349609375,19624.69921875,230300,10.899999618530273,-0.008553136367080882,-0.01390360308540628,LOW,NEUTRAL
2023-10-20,19542.150390625,19593.80078125,19518.69921875,19542.650390625,198300,10.819999694824219,-0.01055135713705102,-0.010115271115205493,LOW,NEUTRAL
2023-10-23,19521.599609375,19556.849609375,19257.849609375,19281.75,176000,10.90999984741211,-0.02280588391805083,-0.019949934559131854,LOW,NEUTRAL
2023-10-25,19286.44921875,19347.30078125,19074.150390625,19122.150390625,225300,11.3100004196167,-0.03479542737172858,-0.02807689978626815,LOW,NEUTRAL
2023-10-26,19027.25,19041.69921875,18837.849609375,18857.25,300400,11.729999542236328,-0.0413728579253968,-0.041060847652330645,LOW,BEAR
2023-10-27,18928.75,19076.150390625,18926.650390625,19047.25,205200,10.90999984741211,-0.029424614987132558,-0.033941163103222594,LOW,BEAR
2023-10-30,19053.400390625,19158.5,18940.0,19140.900390625,180100,11.489999771118164,-0.020557600528571474,-0.019599426093766192,LOW,NEUTRAL
2023-10-31,19232.94921875,19233.69921875,19056.44921875,19079.599609375,206000,11.829999923706055,-0.010484027156508091,-0.02844956791824016,LOW,NEUTRAL
2023-11-01,19064.05078125,19096.05078125,18973.69921875,18989.150390625,194100,12.050000190734863,-0.006955284697750641,-0.02763103677270695,LOW,NEUTRAL
2023-11-02,19120.0,19175.25,19064.150390625,19133.25,245600,11.079999923706055,0.01463628047567922,-0.015581809903305932,LOW,NEUTRAL
2023-11-03,19241.0,19276.25,19210.900390625,19230.599609375,189500,10.880000114440918,0.009626040996731922,-0.016123729743038773,LOW,NEUTRAL
2023-11-06,19345.849609375,19423.0,19309.69921875,19411.75,180700,11.109999656677246,0.01415030661293537,-0.012300608034192417,LOW,NEUTRAL
2023-11-07,19404.05078125,19423.5,19329.099609375,19406.69921875,198700,11.1899995803833,0.01714394515984896,-0.005414539650019368,LOW,NEUTRAL
2023-11-08,19449.599609375,19464.400390625,19401.5,19443.5,195000,11.039999961853027,0.023926800305890117,-0.012511502843460254,LOW,NEUTRAL
2023-11-09,19457.400390625,19463.900390625,19378.349609375,19395.30078125,208400,10.979999542236328,0.013696093515215724,-0.021000529309124882,LOW,NEUTRAL
2023-11-10,19351.849609375,19451.30078125,19329.44921875,19425.349609375,152200,11.109999656677246,0.010127089324092564,-0.018624350339749407,LOW,NEUTRAL
2023-11-13,19486.75,19494.400390625,19414.75,19443.55078125,189300,11.1899995803833,0.0016382233054721418,-0.015568791929385095,LOW,NEUTRAL
2023-11-15,19651.400390625,19693.19921875,19579.650390625,19675.44921875,291500,11.140000343322754,0.013848310677188502,-0.0028533090704068176,LOW,NEUTRAL
2023-11-16,19674.69921875,19875.25,19627.0,19765.19921875,282700,11.649999618530273,0.01654533488055132,-0.0023370659086894285,LOW,NEUTRAL
2023-11-17,19674.75,19806.0,19667.44921875,19731.80078125,236800,11.829999923706055,0.017349563370798737,0.0030858047125170707,LOW,NEUTRAL
2023-11-20,19731.150390625,19756.44921875,19670.5,19694.0,173800,12.149999618530273,0.013829887030467836,0.003531304122296408,LOW,NEUTRAL
2023-11-21,19770.900390625,19829.099609375,19754.05078125,19783.400390625,195000,12.229999542236328,0.01747878323247054,0.012319209277544596,LOW,NEUTRAL
2023-11-22,19784.0,19825.55078125,19703.849609375,19811.849609375,184500,11.869999885559082,0.006932517225325396,0.027492297606545035,LOW,NEUTRAL
2023-11-23,19828.44921875,19875.150390625,19786.75,19802.0,170000,11.319999694824219,0.0018618978155853227,0.03555298935983209,LOW,BULL
2023-11-24,19809.599609375,19832.849609375,19768.849609375,19794.69921875,145900,11.329999923706055,0.003187668383504594,0.04971293368598295,LOW,BULL
2023-11-28,19844.650390625,19916.849609375,19800.0,19889.69921875,229600,12.180000305175781,0.009936996991469549,0.044229440929792974,LOW,BULL
2023-11-29,19976.55078125,20104.650390625,19956.30078125,20096.599609375,236200,12.710000038146973,0.015831414851130488,0.04992968978711643,LOW,BULL
2023-11-30,20108.5,20158.69921875,20015.849609375,20133.150390625,486600,12.6899995803833,0.01621760651251658,0.05521870494244152,LOW,BULL
2023-12-01,20194.099609375,20291.55078125,20183.69921875,20267.900390625,265800,12.380000114440918,0.0235279461986162,0.06734108549855522,LOW,BULL
2023-12-04,20601.94921875,20702.650390625,20507.75,20686.80078125,381100,12.989999771118164,0.04506769982415193,0.08119638750604308,LOW,BULL
2023-12-05,20808.900390625,20864.05078125,20711.150390625,20855.099609375,421000,13.460000038146973,0.04853770688070114,0.08447474509365005,LOW,BULL
2023-12-06,20950.75,20961.94921875,20852.150390625,20937.69921875,359200,13.739999771118164,0.04185283210711077,0.07860956476103387,LOW,BULL
2023-12-07,20932.400390625,20941.25,20850.80078125,20901.150390625,275000,12.670000076293945,0.03814604198047511,0.07700697346981711,LOW,BULL
2023-12-08,20934.099609375,21006.099609375,20862.69921875,20969.400390625,292400,12.470000267028809,0.03461137989036511,0.07847868905418265,LOW,BULL
2023-12-11,20965.30078125,21026.099609375,20923.69921875,20997.099609375,212900,12.760000228881836,0.014999846105070436,0.0825869547572835,LOW,BULL
2023-12-12,21018.55078125,21037.900390625,20867.150390625,20906.400390625,244900,12.710000038146973,0.0024598674765829998,0.07624319824520542,LOW,BULL
2023-12-13,20929.75,20950.0,20769.5,20926.349609375,260300,12.069999694824219,-0.0005420657378073512,0.07626173042194062,LOW,BULL
2023-12-14,21110.400390625,21210.900390625,21074.44921875,21182.69921875,334400,12.319999694824219,0.01347049434423897,0.07660562070235444,LOW,BULL
2023-12-15,21287.44921875,21492.30078125,21235.30078125,21456.650390625,508800,13.130000114440918,0.023236239039903017,0.085577238719174,LOW,BULL
2023-12-18,21434.80078125,21482.80078125,21365.349609375,21418.650390625,249700,13.899999618530273,0.02007661958520135,0.08548888305105518,LOW,BULL
2023-12-19,21477.650390625,21505.05078125,21337.75,21453.099609375,249800,13.869999885559082,0.026149849258371383,0.0893216009634914,LOW,BULL
2023-12-20,21543.5,21593.0,21087.349609375,21150.150390625,363900,14.449999809265137,0.010694688057287127,0.06908569674643394,LOW,BULL
2023-12-21,21033.94921875,21288.349609375,20976.80078125,21255.05078125,277500,13.760000228881836,0.0034155969337448244,0.0728453526717705,LOW,BULL
2023-12-22,21295.849609375,21390.5,21232.44921875,21349.400390625,284700,13.710000038146973,-0.0049984502728748215,0.07814364158292086,LOW,BULL
2023-12-26,21365.19921875,21477.150390625,21329.44921875,21441.349609375,219500,14.680000305175781,0.0010597875373108412,0.0831864315000681,LOW,BULL
2023-12-27,21497.650390625,21675.75,21495.80078125,21654.75,256500,15.5600004196167,0.009399592333821927,0.08874195440754007,MID,BULL
2023-12-28,21715.0,21801.44921875,21678.0,21778.69921875,393100,15.140000343322754,0.0297184093973919,0.08370070768540883,MID,BULL
2023-12-29,21737.650390625,21770.30078125,21676.900390625,21731.400390625,270900,14.5,0.02241112544389723,0.07938399947303942,LOW,BULL
2024-01-01,21727.75,21834.349609375,21680.849609375,21741.900390625,154000,,0.01838459126806935,0.07272583600626947,,BULL
2024-01-02,21751.349609375,21755.599609375,21555.650390625,21665.80078125,263700,14.579999923706055,0.010468145707435372,0.0473248623773348,LOW,BULL
2024-01-03,21661.099609375,21677.0,21500.349609375,21517.349609375,311900,14.100000381469727,-0.006345046265830767,0.03175482315616929,LOW,BULL
2024-01-04,21605.80078125,21685.650390625,21564.55078125,21658.599609375,339200,13.329999923706055,-0.0055145446552474775,0.034430735826953995,LOW,BULL
2024-01-05,21705.75,21749.599609375,21629.19921875,21710.80078125,309300,12.630000114440918,-0.0009479190942469629,0.038737120947570425,LOW,BULL
2024-01-08,21747.599609375,21763.94921875,21492.900390625,21513.0,231500,13.460000038146973,-0.010528076502627215,0.025923469400585875,LOW,NEUTRAL
2024-01-09,21653.599609375,21724.44921875,21517.849609375,21544.849609375,228600,13.260000228881836,-0.0055825848809463174,0.026086936300260932,LOW,NEUTRAL
2024-01-10,21529.30078125,21641.849609375,21448.650390625,21618.69921875,217000,12.970000267028809,0.0047101344363917885,0.03407084982665953,LOW,BULL
2024-01-11,21688.0,21726.5,21593.75,21647.19921875,212500,12.770000457763672,-0.0005263678552913653,0.03444698300615512,LOW,BULL
2024-01-12,21773.55078125,21928.25,21715.150390625,21894.55078125,294700,13.100000381469727,0.008463529367313427,0.03360532834596919,LOW,BULL
2024-01-15,22053.150390625,22115.55078125,21963.55078125,22097.44921875,345500,13.789999961853027,0.02716725787895702,0.029864811909550593,LOW,NEUTRAL
2024-01-16,22080.5,22124.150390625,21969.80078125,22032.30078125,292400,13.569999694824219,0.022624951239524682,0.028650282787826553,LOW,NEUTRAL
2024-01-17,21647.25,21851.5,21550.44921875,21571.94921875,456000,15.079999923706055,-0.0021624797832171527,0.005539973781833574,MID,NEUTRAL
2024-01-18,21414.19921875,21539.400390625,21285.55078125,21462.25,387300,14.069999694824219,-0.00854379436716246,0.014756377785064778,LOW,NEUTRAL
2024-01-19,21615.19921875,21670.599609375,21575.0,21622.400390625,343100,13.880000114440918,-0.012430051355886373,0.017282932567681986,LOW,NEUTRAL
2024-01-23,21716.69921875,21750.25,21192.599609375,21238.80078125,449700,14.850000381469727,-0.038857355389753545,-0.005180455064375811,LOW,NEUTRAL
2024-01-24,21185.25,21482.349609375,21137.19921875,21453.94921875,407500,14.380000114440918,-0.02625016643709721,0.0005876313573791592,LOW,NEUTRAL
2024-01-25,21454.599609375,21459.0,21247.05078125,21352.599609375,418100,13.869999885559082,-0.010168279516639345,-0.01395307683649083,LOW,NEUTRAL
2024-01-29,21433.099609375,21763.25,21429.599609375,21737.599609375,376700,15.680000305175781,0.012829484763946075,-0.0018871471138925955,MID,NEUTRAL
2024-01-30,21775.75,21813.05078125,21501.80078125,21522.099609375,375100,16.100000381469727,-0.0046387440542211555,-0.009631260640722172,MID,NEUTRAL
2024-01-31,21487.25,21741.349609375,21448.849609375,21725.69921875,410600,16.049999237060547,0.022924949601196065,-0.0007451589596089159,MID,NEUTRAL
2024-02-01,21780.650390625,21832.94921875,21658.75,21697.44921875,332500,14.460000038146973,0.011349891692070901,0.001460755492932897,LOW,NEUTRAL
2024-02-02,21812.75,22126.80078125,21805.55078125,21853.80078125,442800,14.699999809265137,0.023472606663543782,0.015636273889810814,LOW,NEUTRAL
2024-02-05,21921.05078125,21964.30078125,21726.94921875,21771.69921875,440800,15.619999885559082,0.0015686924953890458,0.005221926228602625,MID,NEUTRAL
2024-02-06,21825.19921875,21951.400390625,21737.55078125,21929.400390625,371000,15.789999961853027,0.018924769824621546,0.01006870320342057,MID,NEUTRAL
2024-02-07,22045.05078125,22053.30078125,21860.150390625,21930.5,346300,15.510000228881836,0.009426660066859993,0.01940687026449117,MID,NEUTRAL
2024-02-08,22009.650390625,22011.05078125,21665.30078125,21717.94921875,491100,15.829999923706055,0.0009448115210834995,0.008034384667956918,MID,NEUTRAL
2024-02-09,21727.0,21804.44921875,21629.900390625,21782.5,349200,15.449999809265137,-0.0032626261199916184,0.007576810223065333,MID,NEUTRAL
2024-02-12,21800.80078125,21831.69921875,21574.75,21616.05078125,287400,16.059999465942383,-0.007149117573972075,-0.0014389130522262095,MID,NEUTRAL
2024-02-13,21664.30078125,21766.80078125,21543.349609375,21743.25,365800,15.8100004196167,-0.008488622001018409,-0.00691043094519983,MID,NEUTRAL
2024-02-14,21578.150390625,21870.849609375,21530.19921875,21840.05078125,359100,15.4399995803833,-0.004124357344793772,-0.011648332572322118,MID,NEUTRAL
2024-02-15,21906.55078125,21953.849609375,21794.80078125,21910.75,345400,15.229999542236328,0.008877485590745637,-0.005516935451128302,MID,NEUTRAL
2024-02-16,22020.30078125,22068.650390625,21968.94921875,22040.69921875,343900,15.220000267028809,0.011853516297486433,0.021729607985196298,MID,NEUTRAL
2024-02-19,22103.44921875,22186.650390625,22021.05078125,22122.25,0,,0.023417747481842666,0.030751668627473805,,BULL
2024-02-20,22099.19921875,22215.599609375,22045.849609375,22196.94921875,295700,16.06999969482422,0.02086620991572108,0.026571926231377718,MID,NEUTRAL
2024-02-21,22248.849609375,22249.400390625,21997.94921875,22055.05078125,364500,15.930000305175781,0.009844299454861094,0.0384320192277805,MID,BULL
2024-02-22,22081.55078125,22252.5,21875.25,22217.44921875,343500,15.199999809265137,0.013997659539267238,0.03558785341641091,MID,BULL
2024-02-23,22290.0,22297.5,22186.099609375,22212.69921875,226000,14.970000267028809,0.00780374516674498,0.04028079133733997,LOW,BULL
2024-02-26,22169.19921875,22202.150390625,22075.150390625,22122.05078125,207800,15.600000381469727,-9.005356597979741e-06,0.017685999318397316,MID,NEUTRAL
2024-02-27,22090.19921875,22218.25,22085.650390625,22198.349609375,252200,15.729999542236328,6.308932868193118e-05,0.0314211908816473,MID,BULL
2024-02-28,22214.099609375,22229.150390625,21915.849609375,21951.150390625,203000,16.329999923706055,-0.004710956762490448,0.010377165291896695,MID,NEUTRAL
2024-02-29,21935.19921875,22060.55078125,21860.650390625,21982.80078125,360200,15.569999694824219,-0.010561448129786766,0.013151387502887246,MID,NEUTRAL
2024-03-01,22048.30078125,22353.30078125,22047.75,22338.75,351500,15.239999771118164,0.005674716971974192,0.022190612223667472,MID,NEUTRAL
2024-03-04,22403.5,22440.900390625,22358.30078125,22405.599609375,298800,14.920000076293945,0.012817474786981586,0.029115797726944503,LOW,NEUTRAL
2024-03-05,22371.25,22416.900390625,22269.150390625,22356.30078125,296200,14.380000114440918,0.00711544662799124,0.0194670343475285,LOW,NEUTRAL
2024-03-06,22327.5,22497.19921875,22224.349609375,22474.05078125,312300,14.300000190734863,0.023821092804699795,0.024785152242311037,LOW,NEUTRAL
2024-03-07,22505.30078125,22525.650390625,22430.0,22493.55078125,379900,13.609999656677246,0.023234073086612295,0.035712467815809834,LOW,BULL
2024-03-11,22517.5,22526.599609375,22307.25,22332.650390625,277900,14.0,-0.0002730506127245347,0.02525653118902782,LOW,NEUTRAL
2024-03-12,22334.44921875,22452.55078125,22256.0,22335.69921875,299200,13.640000343322754,-0.0031197732639902664,0.03329231804563637,LOW,BULL
2024-03-13,22432.19921875,22446.75,21905.650390625,21997.69921875,493300,14.430000305175781,-0.016040290654917078,0.011702446448897952,LOW,NEUTRAL
2024-03-14,21982.55078125,22204.599609375,21917.5,22146.650390625,426700,13.619999885559082,-0.01456792964524889,0.014038411011306762,LOW,NEUTRAL
2024-03-15,22064.849609375,22120.900390625,21931.69921875,22023.349609375,661500,13.6899995803833,-0.020903821564132397,0.005139012100224827,LOW,NEUTRAL
2024-03-18,21990.099609375,22123.69921875,21916.55078125,22055.69921875,356300,13.899999618530273,-0.012401177962793941,0.0006805591715184356,LOW,NEUTRAL
2024-03-19,21946.44921875,21978.30078125,21793.099609375,21817.44921875,344200,14.109999656677246,-0.023202765891696342,-0.013778019019313081,LOW,NEUTRAL
2024-03-20,21843.900390625,21930.900390625,21710.19921875,21839.099609375,312400,13.470000267028809,-0.007209827164097904,-0.016121567240993673,LOW,NEUTRAL
2024-03-21,21989.900390625,22080.94921875,21941.30078125,22011.94921875,353200,12.510000228881836,-0.0060822367942386935,-0.0019542717415388378,LOW,NEUTRAL
2024-03-22,21932.19921875,22180.69921875,21883.30078125,22096.75,388700,12.220000267028809,0.003332844091697762,-0.005432631692396939,LOW,NEUTRAL
2024-03-26,21947.900390625,22073.19921875,21947.55078125,22004.69921875,328400,12.819999694824219,-0.0023123275074700134,-0.009364012808692146,LOW,NEUTRAL
2024-03-27,22053.94921875,22193.599609375,22052.849609375,22123.650390625,409100,12.699999809265137,0.014034691627096807,7.230836737592838e-05,LOW,NEUTRAL
2024-03-28,22163.599609375,22516.0,22163.599609375,22326.900390625,410500,12.829999923706055,0.022336121450748703,0.005791006246505415,LOW,NEUTRAL
2024-04-01,22455.0,22529.94921875,22427.75,22462.0,0,12.079999923706055,0.020445748660306906,0.023272111041304555,LOW,NEUTRAL
2024-04-02,22458.80078125,22497.599609375,22388.150390625,22453.30078125,289500,11.649999618530273,0.01613589243893343,0.021403096206071615,LOW,NEUTRAL
2024-04-03,22385.69921875,22521.099609375,22346.5,22434.650390625,309600,11.369999885559082,0.01953906152503282,0.004293006127245258,LOW,NEUTRAL
2024-04-04,22592.099609375,22619.0,22303.80078125,22514.650390625,401000,11.220000267028809,0.017673394448761037,0.004867121753098225,LOW,NEUTRAL
2024-04-05,22486.400390625,22537.599609375,22427.599609375,22513.69921875,242200,11.34000015258789,0.008366536548146897,0.007040450879602034,LOW,NEUTRAL
2024-04-08,22578.349609375,22697.30078125,22550.349609375,22666.30078125,227600,11.609999656677246,0.009095395835188258,0.008554310118423114,LOW,NEUTRAL
2024-04-09,22765.099609375,22768.400390625,22612.25,22642.75,232400,11.359999656677246,0.008437477437981178,0.006632977612159419,LOW,NEUTRAL
2024-04-10,22720.25,22775.69921875,22673.69921875,22753.80078125,276800,11.109999656677246,0.014225779544947414,0.01885805684764552,LOW,NEUTRAL
2024-04-12,22677.400390625,22726.44921875,22503.75,22519.400390625,357200,11.529999732971191,0.00021097374010214942,0.008224554336798695,LOW,NEUTRAL
2024-04-15,22339.05078125,22427.44921875,22259.55078125,22272.5,355500,12.470000267028809,-0.010713442353761371,0.01249225105395424,LOW,NEUTRAL
2024-04-16,22125.30078125,22213.75,22079.44921875,22147.900390625,317300,12.619999885559082,-0.022870974652106968,5.644194394882618e-05,LOW,NEUTRAL
2024-04-18,22212.349609375,22326.5,21961.69921875,21995.849609375,456900,13.039999961853027,-0.028569868528557696,-0.001248674724225185,LOW,NEUTRAL
2024-04-19,21861.5,22179.55078125,21777.650390625,22147.0,362500,13.460000038146973,-0.02666810644444184,0.004139555057605326,LOW,NEUTRAL
2024-04-22,22336.900390625,22375.650390625,22198.150390625,22336.400390625,279300,12.699999809265137,-0.008126326492963964,0.02378606072010525,LOW,NEUTRAL
2024-04-23,22447.05078125,22447.55078125,22349.44921875,22368.0,231500,10.199999809265137,0.004287798855090452,0.02421804928248772,LOW,NEUTRAL
2024-04-24,22421.55078125,22476.44921875,22384.0,22402.400390625,235900,10.279999732971191,0.011490931217467804,0.01773814613121183,LOW,NEUTRAL
2024-04-25,22316.900390625,22625.94921875,22305.25,22570.349609375,475000,10.729999542236328,0.026118563738276368,0.0214329984895969,LOW,NEUTRAL
2024-04-26,22620.400390625,22620.400390625,22385.55078125,22419.94921875,329900,10.930000305175781,0.012324433049623051,0.01887096914490738,LOW,NEUTRAL
2024-04-29,22475.55078125,22655.80078125,22441.900390625,22643.400390625,292000,12.239999771118164,0.013744381128163008,0.02349295847760491,LOW,NEUTRAL
2024-04-30,22679.650390625,22783.349609375,22568.400390625,22604.849609375,361900,12.869999885559082,0.010588770090083965,0.012449073265302424,LOW,NEUTRAL
2024-05-02,22567.849609375,22710.5,22567.849609375,22648.19921875,445900,13.449999809265137,0.010971986208578866,0.008289520913097759,LOW,NEUTRAL
2024-05-03,22766.349609375,22794.69921875,22348.05078125,22475.849609375,438100,14.619999885559082,-0.0041869090038706425,0.0010042544900048522,LOW,NEUTRAL
2024-05-06,22561.599609375,22588.80078125,22409.44921875,22442.69921875,320300,16.600000381469727,0.001014721299233523,0.00035876770909526456,MID,NEUTRAL
2024-05-07,22489.75,22499.05078125,22232.05078125,22302.5,297800,17.010000228881836,-0.015055176552287719,-0.009422770815634696,MID,NEUTRAL
2024-05-08,22231.19921875,22368.650390625,22185.19921875,22302.5,277400,17.079999923706055,-0.01337543113976769,-0.009380920332013098,MID,NEUTRAL
2024-05-09,22224.80078125,22307.75,21932.400390625,21957.5,331300,18.200000762939453,-0.030496871388263957,-0.031271127480860694,MID,BEAR
2024-05-10,21990.94921875,22131.30078125,21950.30078125,22055.19921875,265800,18.469999313354492,-0.018715661384811066,-0.02594873773062023,MID,NEUTRAL
2024-05-13,22027.94921875,22131.650390625,21821.05078125,22104.05078125,278200,20.600000381469727,-0.015089470040977604,-0.028555668841726778,HIGH,NEUTRAL
2024-05-14,22112.900390625,22270.05078125,22081.25,22217.849609375,230200,20.200000762939453,-0.0037955561315995423,-0.013390710943420037,HIGH,NEUTRAL
2024-05-15,22255.599609375,22297.55078125,22151.75,22200.55078125,231900,20.270000457763672,-0.004571201378769207,-0.0032304060500617515,HIGH,NEUTRAL
2024-05-16,22319.19921875,22432.25,22054.55078125,22403.849609375,368900,20.0,0.02032788839234878,0.011556364903029026,HIGH,NEUTRAL
2024-05-17,22415.25,22502.150390625,22345.650390625,22466.099609375,242700,19.799999237060547,0.018630545412424926,0.021379033242688195,MID,NEUTRAL
2024-05-21,22404.55078125,22591.099609375,22404.55078125,22529.05078125,347600,21.809999465942383,0.019227245006173677,0.017250678703661926,HIGH,NEUTRAL
2024-05-22,22576.599609375,22629.5,22483.150390625,22597.80078125,290300,21.469999313354492,0.01710116768972436,0.011702887934204265,HIGH,NEUTRAL
2024-05-23,22614.099609375,22993.599609375,22577.44921875,22967.650390625,369800,21.3799991607666,0.034553179195124795,0.026808404444966127,HIGH,NEUTRAL
2024-05-24,22930.75,23026.400390625,22908.0,22957.099609375,261900,21.709999084472656,0.02469441679203599,0.024760704615480966,HIGH,NEUTRAL
2024-05-27,23038.94921875,23110.80078125,22871.19921875,22932.44921875,260000,23.190000534057617,0.020757924939511785,0.016043154653864855,HIGH,NEUTRAL
2024-05-28,22977.150390625,22998.55078125,22858.5,22888.150390625,217900,24.200000762939453,0.01593940254570625,0.02088323962319416,HIGH,NEUTRAL
2024-05-29,22762.75,22825.5,22685.44921875,22704.69921875,269900,24.18000030517578,0.004730479684053934,0.0027071388160577747,HIGH,NEUTRAL
2024-05-30,22617.44921875,22705.75,22417.0,22488.650390625,373400,24.18000030517578,-0.020855420204215602,-0.00514045528981566,HIGH,NEUTRAL
2024-05-31,22568.099609375,22653.75,22465.099609375,22530.69921875,572100,24.600000381469727,-0.018573791893592317,-0.0051880504434420605,HIGH,NEUTRAL
2024-06-03,23337.900390625,23338.69921875,23062.30078125,23263.900390625,569400,20.940000534057617,0.014453369926313853,0.035062113110122084,HIGH,BULL
2024-06-04,23179.5,23179.5,21281.44921875,21884.5,1006100,26.75,-0.0438502182787166,-0.024872196223333365,HIGH,NEUTRAL
2024-06-05,22128.349609375,22670.400390625,21791.94921875,22620.349609375,638500,18.889999389648438,-0.0037150727504613457,0.01425174798228901,MID,NEUTRAL
2024-06-06,22798.599609375,22910.150390625,22642.599609375,22821.400390625,480400,16.799999237060547,0.014796352569859783,0.023266467464409857,MID,NEUTRAL
2024-06-07,22821.849609375,23320.19921875,22789.05078125,23290.150390625,473600,16.8799991607666,0.03370739471960049,0.06069226417511109,MID,BULL
2024-06-10,23319.150390625,23411.900390625,23227.150390625,23259.19921875,304400,16.399999618530273,-0.00020208012397160413,0.05459030263378595,MID,BULL
2024-06-11,23283.75,23389.44921875,23206.650390625,23264.849609375,305200,14.770000457763672,0.06307430415933646,0.052515208167620564,LOW,BULL
2024-06-12,23344.44921875,23441.94921875,23295.94921875,23322.94921875,295600,14.390000343322754,0.031060510624637105,0.04973926949747165,LOW,BULL
2024-06-13,23480.94921875,23481.05078125,23353.900390625,23398.900390625,268300,13.489999771118164,0.025305195567106198,0.053978372932400154,LOW,BULL
2024-06-14,23464.94921875,23490.400390625,23334.25,23465.599609375,223100,12.819999694824219,0.007533193895588708,0.04739140899944738,LOW,BULL
2024-06-18,23570.80078125,23579.05078125,23499.69921875,23557.900390625,272200,12.970000267028809,0.012842280985933874,0.04859770054586576,LOW,BULL
2024-06-19,23629.849609375,23664.0,23412.900390625,23516.0,328800,13.710000038146973,0.010795272475081719,0.043807847402581146,LOW,BULL
2024-06-20,23586.150390625,23624.0,23442.599609375,23567.0,280300,13.350000381469727,0.010463976016112042,0.042889094745634404,LOW,BULL
2024-06-21,23661.150390625,23667.099609375,23398.19921875,23501.099609375,609900,13.180000305175781,0.0043676932267699975,0.023226111930358506,LOW,NEUTRAL
2024-06-24,23382.30078125,23558.099609375,23350.0,23537.849609375,239400,14.0600004196167,0.0030789752319448915,0.025297185179387283,LOW,NEUTRAL
2024-06-25,23577.099609375,23754.150390625,23562.05078125,23721.30078125,298100,14.3100004196167,0.006936118580840311,0.03439892333240269,LOW,BULL
2024-06-26,23723.099609375,23889.900390625,23670.44921875,23868.80078125,287800,14.050000190734863,0.015002584676390596,0.04284533148762759,LOW,BULL
2024-06-27,23881.55078125,24087.44921875,23805.400390625,24044.5,515200,14.149999618530273,0.020261382441549625,0.05900984498149908,LOW,BULL
2024-06-28,24085.900390625,24174.0,23985.80078125,24010.599609375,354800,13.800000190734863,0.02167983662333617,0.06767632527136724,LOW,BULL
2024-07-01,23992.94921875,24164.0,23992.69921875,24141.94921875,0,13.829999923706055,0.025665029703239695,0.07151353734548649,LOW,BULL
2024-07-02,24228.75,24236.349609375,24056.400390625,24123.849609375,0,13.640000343322754,0.016969930605289063,0.03696496306769559,LOW,BULL
2024-07-03,24291.75,24309.150390625,24207.099609375,24286.5,0,13.210000038146973,0.01749979911341515,0.109758047933469,LOW,BULL
2024-07-04,24369.94921875,24401.0,24281.0,24302.150390625,251200,12.859999656677246,0.010715564500197505,0.07434901804315963,LOW,BULL
2024-07-05,24213.349609375,24363.0,24168.849609375,24323.849609375,298400,12.699999809265137,0.013046321420381757,0.06583510183569641,LOW,BULL
2024-07-08,24329.44921875,24344.599609375,24240.55078125,24320.55078125,266300,13.600000381469727,0.007397976065714129,0.0442418951077177,LOW,BULL
2024-07-09,24351.0,24443.599609375,24331.900390625,24433.19921875,250500,14.279999732971191,0.012823393213941214,0.050474652586216306,LOW,BULL
2024-07-10,24459.849609375,24461.05078125,24141.80078125,24324.44921875,292300,14.430000305175781,0.001562564336153871,0.04554508742442143,LOW,BULL
2024-07-11,24396.55078125,24402.650390625,24193.75,24315.94921875,306400,14.0,0.0005678027624387294,0.042576090643017706,LOW,BULL
2024-07-12,24387.94921875,24592.19921875,24331.150390625,24502.150390625,325800,13.729999542236328,0.007330286287466459,0.04714965154696027,LOW,BULL
2024-07-15,24587.599609375,24635.05078125,24522.75,24586.69921875,305400,14.1899995803833,0.010943355678654676,0.04777630352676332,LOW,BULL
2024-07-16,24615.900390625,24661.25,24587.650390625,24613.0,283200,14.220000267028809,0.007358871821911084,0.044787506181785286,LOW,BULL
2024-07-18,24543.80078125,24837.75,24504.44921875,24800.849609375,350900,14.510000228881836,0.01958524883094892,0.05463725163186761,LOW,BULL
2024-07-19,24853.80078125,24854.80078125,24508.150390625,24530.900390625,343800,14.829999923706055,0.00883992518413601,0.040900428167564895,LOW,BULL
2024-07-22,24445.75,24595.19921875,24362.30078125,24509.25,324200,15.4399995803833,0.00028975454243052035,0.04289800934347898,MID,BULL
2024-07-23,24568.900390625,24582.55078125,24074.19921875,24479.05078125,436400,12.75,-0.004378320023450177,0.039986710234571454,LOW,BULL
2024-07-24,24444.94921875,24504.25,24307.25,24413.5,366600,11.760000228881836,-0.008105472717669482,0.02918049162367753,LOW,NEUTRAL
2024-07-25,24230.94921875,24426.150390625,24210.80078125,24406.099609375,391800,12.619999885559082,-0.01591679342512442,0.022510507882200326,LOW,NEUTRAL
2024-07-26,24423.349609375,24861.150390625,24410.900390625,24834.849609375,383800,12.25,0.012390463208034497,0.03287028673397252,LOW,BULL
2024-07-29,24943.30078125,24999.75,24774.599609375,24836.099609375,355000,12.949999809265137,0.013335765450799286,0.034380649106225736,LOW,BULL
2024-07-30,24839.400390625,24971.75,24798.650390625,24857.30078125,385000,12.880000114440918,0.015451988043985843,0.029631060691007294,LOW,NEUTRAL
2024-07-31,24886.69921875,24984.599609375,24856.5,24951.150390625,333600,13.25,0.022022667402257,0.034293895652893314,LOW,BULL
2024-08-01,25030.94921875,25078.30078125,24956.400390625,25010.900390625,431300,12.930000305175781,0.02478072248044416,0.02982728637823473,LOW,NEUTRAL
2024-08-02,24789.0,24851.900390625,24686.849609375,24717.69921875,345000,14.319999694824219,-0.004717177372428161,0.017099261647451014,LOW,NEUTRAL
2024-08-05,24302.849609375,24350.05078125,23893.69921875,24055.599609375,487000,20.3700008392334,-0.031426029540700506,-0.011028270783939198,HIGH,NEUTRAL
2024-08-06,24189.849609375,24382.599609375,23960.400390625,23992.55078125,312300,18.739999771118164,-0.034788572082302904,-0.013486536672223437,MID,NEUTRAL
2024-08-07,24289.400390625,24337.69921875,24184.900390625,24297.5,317600,16.170000076293945,-0.026197204553365938,-0.005553886641494921,MID,NEUTRAL
2024-08-08,24248.55078125,24340.5,24079.69921875,24117.0,311900,16.600000381469727,-0.03574043223809997,-0.00852842409233634,MID,NEUTRAL
2024-08-09,24386.849609375,24419.75,24311.19921875,24367.5,215100,15.34000015258789,-0.014167953726225035,0.0021200398465319736,MID,NEUTRAL
2024-08-12,24320.05078125,24472.80078125,24212.099609375,24347.0,279900,15.869999885559082,0.012113619920387952,-0.006332113228901037,MID,NEUTRAL
2024-08-13,24342.349609375,24359.94921875,24116.5,24139.0,239700,16.170000076293945,0.006103945348922668,-0.018209000515554408,MID,NEUTRAL
2024-08-14,24184.400390625,24196.5,24099.69921875,24143.75,303300,15.4399995803833,-0.006327811503241021,-0.019065128184292846,MID,NEUTRAL
2024-08-16,24334.849609375,24563.900390625,24204.5,24541.150390625,271600,14.399999618530273,0.0175871953653024,-0.010471383958226554,LOW,NEUTRAL
2024-08-19,24636.349609375,24638.80078125,24522.94921875,24572.650390625,243600,14.319999694824219,0.008419016748743235,0.001701935083310513,LOW,NEUTRAL
2024-08-20,24648.900390625,24734.30078125,24607.19921875,24698.849609375,238300,13.819999694824219,0.014451456416601616,0.0077358388924588795,LOW,NEUTRAL
2024-08-21,24680.55078125,24787.94921875,24654.5,24770.19921875,257100,13.329999923706055,0.02614852391358391,0.011893779709914565,LOW,NEUTRAL
2024-08-22,24863.400390625,24867.349609375,24784.44921875,24811.5,220300,13.0,0.02765726119596179,0.016302455608577127,LOW,NEUTRAL
2024-08-23,24845.400390625,24858.400390625,24771.650390625,24823.150390625,206800,13.550000190734863,0.011490903870086111,0.01708797341340862,LOW,NEUTRAL
2024-08-26,24906.099609375,25043.80078125,24874.69921875,25010.599609375,210300,13.800000190734863,0.01782262848280647,0.007076749115229486,LOW,NEUTRAL
2024-08-27,25024.80078125,25073.099609375,24973.650390625,25017.75,223300,13.630000114440918,0.01291154833802266,0.007313966101039071,LOW,NEUTRAL
2024-08-28,25030.80078125,25129.599609375,24964.650390625,25052.349609375,220400,13.949999809265137,0.011390719474368316,0.007846742083602587,LOW,NEUTRAL
2024-08-29,25035.30078125,25192.900390625,24998.5,25151.94921875,354000,13.789999961853027,0.013721428319529272,0.008047678162384386,LOW,NEUTRAL
2024-08-30,25249.69921875,25268.349609375,25199.400390625,25235.900390625,638200,13.390000343322754,0.016627623549180237,0.008996077569615846,LOW,NEUTRAL
2024-09-02,25333.599609375,25333.650390625,25235.5,25278.69921875,222800,14.0600004196167,0.010719439500143091,0.022696287184142294,LOW,NEUTRAL
2024-09-03,25313.400390625,25321.69921875,25235.80078125,25279.849609375,212100,13.84000015258789,0.010476546027320621,0.05089251649844062,LOW,BULL
2024-09-04,25089.94921875,25216.0,25083.80078125,25198.69921875,253800,14.380000114440918,0.005841751837928788,0.05027178846038316,LOW,BULL
2024-09-05,25250.5,25275.44921875,25127.75,25145.099609375,222200,14.210000038146973,-0.0002723291668342842,0.03488423127379359,LOW,BULL
2024-09-06,25093.69921875,25168.75,24801.30078125,24852.150390625,311700,15.220000267028809,-0.015206511123437516,0.03048266329249083,MID,BULL
2024-09-09,24823.400390625,24957.5,24753.150390625,24936.400390625,254400,14.239999771118164,-0.013540998496912593,0.023346686801066996,LOW,NEUTRAL
2024-09-10,24999.400390625,25130.5,24896.80078125,25041.099609375,251300,13.359999656677246,-0.009444280867535682,0.028508629784983697,LOW,NEUTRAL
2024-09-11,25034.0,25113.69921875,24885.150390625,24918.44921875,279200,13.630000114440918,-0.011121605824457426,0.03229003764654714,LOW,BULL
2024-09-12,25059.650390625,25433.349609375,24941.44921875,25388.900390625,380100,13.180000305175781,0.009695757226553248,0.051572369272586016,LOW,BULL
2024-09-13,25430.44921875,25430.5,25292.44921875,25356.5,250800,12.550000190734863,0.020294002790408605,0.03322377298524981,LOW,BULL
2024-09-16,25406.650390625,25445.69921875,25336.19921875,25383.75,168700,12.460000038146973,0.017939622494318908,0.033008226482742486,LOW,BULL
2024-09-17,25416.900390625,25441.650390625,25352.25,25418.55078125,216000,12.59000015258789,0.015073266660130535,0.029139056403737262,LOW,NEUTRAL
2024-09-18,25402.400390625,25482.19921875,25285.55078125,25377.55078125,215700,13.369999885559082,0.01842416269446434,0.02451944601399325,LOW,NEUTRAL
2024-09-19,25487.05078125,25611.94921875,25376.05078125,25415.80078125,314500,12.470000267028809,0.0010595335052372423,0.024355673024605506,LOW,NEUTRAL
2024-09-20,25525.94921875,25849.25,25426.599609375,25790.94921875,533100,12.789999961853027,0.01713364300080844,0.03898775187256298,LOW,BULL
2024-09-23,25872.55078125,25956.0,25847.349609375,25939.05078125,209200,13.789999961853027,0.021876231102575527,0.03712230759661517,LOW,BULL
2024-09-24,25921.44921875,26011.55078125,25886.849609375,25940.400390625,384100,13.390000343322754,0.02053026601972685,0.03687983094502911,LOW,BULL
2024-09-25,25899.44921875,26032.80078125,25871.349609375,26004.150390625,278500,12.739999771118164,0.024691098631864694,0.037992475599726516,LOW,BULL
2024-09-26,26005.400390625,26250.900390625,25998.400390625,26216.05078125,370900,12.0,0.031486318565668414,0.04230692234805988,LOW,BULL
2024-09-27,26248.25,26277.349609375,26151.400390625,26178.94921875,490300,11.960000038146973,0.015044037220542705,0.03736933549140731,LOW,BULL
2024-09-30,26061.30078125,26134.69921875,25794.099609375,25810.849609375,343100,12.789999961853027,-0.004942400281187975,0.021051335989246134,LOW,NEUTRAL
2024-10-01,25788.44921875,25907.599609375,25739.19921875,25796.900390625,247400,11.989999771118164,-0.005531911529471301,0.020453079794361395,LOW,NEUTRAL
2024-10-03,25452.849609375,25639.44921875,25230.30078125,25250.099609375,423400,13.170000076293945,-0.028997324270276903,0.0020398033318622666,LOW,NEUTRAL
2024-10-04,25181.900390625,25485.05078125,24966.80078125,25014.599609375,374900,14.130000114440918,-0.045828839053603354,-0.0051898780290114965,LOW,NEUTRAL
2024-10-07,25084.099609375,25143.0,24694.349609375,24795.75,374300,15.079999923706055,-0.052836315437722714,-0.0022694370401957764,MID,NEUTRAL
2024-10-08,24832.19921875,25044.0,24756.80078125,25013.150390625,333200,14.59000015258789,-0.030905577724968047,0.003077829951305011,LOW,NEUTRAL
2024-10-09,25065.80078125,25234.05078125,24947.69921875,24981.94921875,290600,14.119999885559082,-0.031591050069378346,-0.002362132316380161,LOW,NEUTRAL
2024-10-10,25067.05078125,25134.05078125,24979.400390625,24998.44921875,261400,13.5,-0.00996631278759652,0.0032104726621511315,LOW,NEUTRAL
2024-10-11,24985.30078125,25028.650390625,24920.05078125,24964.25,210500,13.220000267028809,-0.0020128089260372795,-0.01672582837741976,LOW,NEUTRAL
2024-10-14,25023.44921875,25159.75,25017.5,25127.94921875,206400,13.0,0.013397425718117084,-0.009013498757714955,LOW,NEUTRAL
2024-10-15,25186.30078125,25212.05078125,25008.150390625,25057.349609375,257200,13.0,0.0017670392597393114,-0.012858635569015564,LOW,NEUTRAL
2024-10-16,25008.55078125,25093.400390625,24908.44921875,24971.30078125,226800,13.050000190734863,-0.00042624526239964933,-0.017595416979079515,LOW,NEUTRAL
2024-10-17,25027.400390625,25029.5,24728.900390625,24749.849609375,252800,13.390000343322754,-0.009944601251046348,-0.024734505598498213,LOW,NEUTRAL
2024-10-18,24664.94921875,24886.19921875,24567.650390625,24854.05078125,290900,13.039999961853027,-0.0044142811720760955,-0.022102392320230146,LOW,NEUTRAL
2024-10-21,24956.150390625,24978.30078125,24679.599609375,24781.099609375,242000,13.760000228881836,-0.013803339315736407,-0.039155193583989556,LOW,BEAR
2024-10-22,24798.650390625,24882.0,24445.80078125,24472.099609375,279500,14.399999618530273,-0.02335642073577615,-0.05655377231210723,LOW,BEAR
2024-10-23,24378.150390625,24604.25,24378.099609375,24435.5,284600,14.619999885559082,-0.021456662828406303,-0.05801376879166753,LOW,BEAR
2024-10-24,24412.69921875,24480.650390625,24341.19921875,24399.400390625,216700,13.970000267028809,-0.014159650433481996,-0.061711302845662064,LOW,BEAR
2024-10-25,24418.05078125,24440.25,24073.900390625,24180.80078125,372600,14.630000114440918,-0.027088139713140946,-0.07763373732307666,LOW,BEAR
2024-10-28,24251.099609375,24492.599609375,24134.900390625,24339.150390625,278600,14.289999961853027,-0.0178341246238648,-0.0702777950616632,LOW,BEAR
2024-10-29,24328.849609375,24484.5,24140.849609375,24466.849609375,332000,14.520000457763672,-0.0002145300192382127,-0.052071125915662764,LOW,BEAR
2024-10-30,24371.44921875,24498.19921875,24307.30078125,24340.849609375,285200,15.510000228881836,-0.0038734787757566114,-0.05644285783183289,MID,BEAR
2024-10-31,24349.849609375,24372.44921875,24172.599609375,24205.349609375,287000,15.550000190734863,-0.007953096311520857,-0.04137607439822133,MID,BEAR
2024-11-01,24302.75,24368.25,24280.19921875,24304.349609375,38800,15.899999618530273,0.00510937703191372,-0.028393418687133853,MID,NEUTRAL
2024-11-04,24315.75,24316.75,23816.150390625,23995.349609375,285500,16.690000534057617,-0.014125422446234048,-0.03227974110986764,MID,BEAR
2024-11-05,23916.5,24229.05078125,23842.75,24213.30078125,289500,16.1200008392334,-0.010362953636166017,-0.031977163887152216,MID,BEAR
2024-11-06,24308.75,24537.599609375,24204.05078125,24484.05078125,351100,14.869999885559082,0.005883162427487543,-0.01993032781950843,LOW,NEUTRAL
2024-11-07,24489.599609375,24503.349609375,24179.05078125,24199.349609375,322200,14.9399995803833,-0.00024787908858281416,-0.03196596726390688,LOW,BEAR
2024-11-08,24207.69921875,24276.150390625,24066.650390625,24148.19921875,298700,14.470000267028809,-0.006424791987223899,-0.03268877619996591,LOW,BEAR
2024-11-11,24087.25,24336.80078125,24004.599609375,24141.30078125,273400,14.270000457763672,0.006082477407121312,-0.03926498055654226,LOW,BEAR
2024-11-12,24225.80078125,24242.0,23839.150390625,23883.44921875,255800,14.59000015258789,-0.01362274253642548,-0.046848545792959495,LOW,BEAR
2024-11-13,23822.44921875,23873.599609375,23509.599609375,23559.05078125,304600,15.4399995803833,-0.03777969618934007,-0.05655492328458933,MID,BEAR
2024-11-14,23542.150390625,23675.900390625,23484.150390625,23532.69921875,257700,14.779999732971191,-0.027548277180422076,-0.04917809238582016,LOW,BEAR
2024-11-18,23605.30078125,23606.80078125,23350.400390625,23453.80078125,263300,15.170000076293945,-0.02875570270104577,-0.0563389047654298,MID,BEAR
2024-11-19,23529.55078125,23780.650390625,23464.80078125,23518.5,297500,15.65999984741211,-0.025798145132830408,-0.050950104284207876,MID,BEAR
2024-11-21,23488.44921875,23507.30078125,23263.150390625,23349.900390625,420300,15.989999771118164,-0.02233968901385197,-0.04585627047382956,MID,BEAR
2024-11-22,23411.80078125,23956.099609375,23359.0,23907.25,367600,16.100000381469727,0.014779849238540699,-0.02161813754578379,MID,NEUTRAL
2024-11-25,24253.55078125,24351.55078125,24135.44921875,24221.900390625,687200,15.300000190734863,0.029286957924736123,-0.007274768935231712,MID,NEUTRAL
2024-11-26,24343.30078125,24343.30078125,24125.400390625,24194.5,230700,15.3100004196167,0.031581201940716896,0.0005665328817654469,MID,NEUTRAL
2024-11-27,24204.80078125,24354.55078125,24145.650390625,24274.900390625,295000,14.630000114440918,0.032161931697387125,-0.002639779900647121,LOW,NEUTRAL
2024-11-28,24274.150390625,24345.75,23873.349609375,23914.150390625,366700,15.210000038146973,0.024164985313022802,-0.02258971741659055,MID,NEUTRAL
2024-11-29,23927.150390625,24188.44921875,23927.150390625,24131.099609375,282100,14.430000305175781,0.009363252125401234,-0.008617201263147911,LOW,NEUTRAL
2024-12-02,24140.849609375,24301.69921875,24008.650390625,24276.05078125,220400,14.699999809265137,0.0022355962889666348,0.0029208903410185005,LOW,NEUTRAL
2024-12-03,24367.5,24481.349609375,24280.0,24457.150390625,339500,14.369999885559082,0.010855789151460016,0.006286972649169664,LOW,NEUTRAL
2024-12-04,24488.75,24573.19921875,24366.30078125,24467.44921875,348000,14.449999809265137,0.00793201310928393,0.019674629336950744,LOW,NEUTRAL
2024-12-05,24539.150390625,24857.75,24295.55078125,24708.400390625,361500,14.529999732971191,0.03321255353112473,0.020447423250876673,LOW,NEUTRAL
2024-12-06,24729.44921875,24751.05078125,24620.5,24677.80078125,226700,14.140000343322754,0.02265546041103761,0.007913314742361788,LOW,NEUTRAL
2024-12-09,24633.900390625,24705.0,24580.05078125,24619.0,248100,14.109999656677246,0.014127059703421097,0.017341391293525632,LOW,NEUTRAL
2024-12-10,24652.650390625,24677.80078125,24510.650390625,24610.05078125,261000,13.779999732971191,0.006251766382546764,0.019125714440080932,LOW,NEUTRAL
2024-12-11,24620.5,24691.75,24583.849609375,24641.80078125,187300,13.270000457763672,0.00712585774435337,0.020732105719370564,LOW,NEUTRAL
2024-12-12,24604.44921875,24675.25,24527.94921875,24548.69921875,266100,13.1899995803833,-0.006463436294953162,0.027854016976649243,LOW,NEUTRAL
2024-12-13,24498.349609375,24792.30078125,24180.80078125,24768.30078125,310100,13.050000190734863,0.003667263578396307,0.0513284686733817,LOW,BULL
2024-12-16,24753.400390625,24781.25,24601.75,24668.25,187600,14.020000457763672,0.00200048742840897,0.04825416628557577,LOW,BULL
2024-12-17,24584.80078125,24624.099609375,24303.44921875,24336.0,264900,14.489999771118164,-0.011135725955461862,0.037614339227067584,LOW,BULL
2024-12-18,24297.94921875,24394.44921875,24149.849609375,24198.849609375,235300,14.369999885559082,-0.017975600720384177,0.02892827388545194,LOW,NEUTRAL
2024-12-19,23877.150390625,24004.900390625,23870.30078125,23951.69921875,271100,14.510000228881836,-0.024319007483053046,0.02577307903063364,LOW,NEUTRAL
2024-12-20,23960.69921875,24065.80078125,23537.349609375,23587.5,442700,15.069999694824219,-0.047673871198458895,-0.013374603938135943,MID,NEUTRAL
2024-12-23,23738.19921875,23869.55078125,23647.19921875,23753.44921875,189800,13.520000457763672,-0.03708413775804931,-0.019339984242372377,LOW,NEUTRAL
2024-12-24,23769.099609375,23867.650390625,23685.150390625,23727.650390625,177700,13.180000305175781,-0.024997929379314554,-0.019295691556965422,LOW,NEUTRAL
2024-12-26,23775.80078125,23854.5,23653.599609375,23750.19921875,177700,14.039999961853027,-0.018540153679503235,-0.021614967041332922,LOW,NEUTRAL
2024-12-27,23801.400390625,23938.849609375,23800.599609375,23813.400390625,176800,13.239999771118164,-0.005774071679087278,-0.004212986802972329,LOW,NEUTRAL
2024-12-30,23796.900390625,23915.349609375,23599.30078125,23644.900390625,364900,13.970000267028809,0.0024335088765234936,-0.02014824134085913,LOW,NEUTRAL
2024-12-31,23560.599609375,23689.849609375,23460.44921875,23644.80078125,193600,14.449999809265137,-0.004574006768424899,-0.026002993884308268,LOW,NEUTRAL
2025-01-01,23637.650390625,23822.80078125,23562.80078125,23742.900390625,154900,,0.0006427100765959981,-0.02920413820057255,,NEUTRAL
2025-01-02,23783.0,24226.69921875,23751.55078125,24188.650390625,283200,13.739999771118164,0.01846094712034496,-0.011394683018749241,LOW,NEUTRAL
2025-01-03,24196.400390625,24196.44921875,23976.0,24004.75,312300,13.539999961853027,0.008035375302820391,-0.0284781847266804,LOW,NEUTRAL
2025-01-06,24045.80078125,24089.94921875,23551.900390625,23616.05078125,278100,15.649999618530273,-0.0012201197255387042,-0.04302449839074429,MID,BEAR
2025-01-07,23679.900390625,23795.19921875,23637.80078125,23707.900390625,262300,14.65999984741211,0.002668646268529251,-0.037007986082903455,LOW,BEAR
2025-01-08,23746.650390625,23751.849609375,23496.150390625,23688.94921875,266400,14.470000267028809,-0.0022723075524632153,-0.03742786110794105,LOW,BEAR
2025-01-09,23674.75,23689.5,23503.05078125,23526.5,269200,14.65999984741211,-0.027374424779054052,-0.04526052260347124,LOW,BEAR
2025-01-10,23551.900390625,23596.599609375,23344.349609375,23431.5,261000,14.920000076293945,-0.02388069028004869,-0.04550950780710594,LOW,BEAR
2025-01-13,23195.400390625,23340.94921875,23047.25,23085.94921875,316500,16.0,-0.022446664237395497,-0.06792357608050237,MID,BEAR
2025-01-14,23165.900390625,23264.94921875,23134.150390625,23176.05078125,311200,15.470000267028809,-0.02243343360702299,-0.0604906800745898,MID,BEAR
2025-01-15,23250.44921875,23293.650390625,23146.44921875,23213.19921875,228000,15.260000228881836,-0.020083204012419476,-0.046137441701594395,MID,BEAR
2025-01-16,23377.25,23391.650390625,23272.05078125,23311.80078125,299400,15.470000267028809,-0.009125846120332404,-0.0366566527931701,MID,BEAR
2025-01-17,23277.099609375,23292.099609375,23100.349609375,23203.19921875,272900,15.75,-0.009743327625205356,-0.03125039243203487,MID,BEAR
2025-01-20,23290.400390625,23391.099609375,23170.650390625,23344.75,301500,16.420000076293945,0.01121031579848597,-0.010291467938526755,MID,NEUTRAL
2025-01-21,23421.650390625,23426.30078125,22976.849609375,23024.650390625,312900,17.059999465942383,-0.006532622492676166,-0.030681810519952446,MID,BEAR
2025-01-22,23099.150390625,23169.55078125,22981.30078125,23155.349609375,276000,16.770000457763672,-0.002492099810536774,-0.024119572390366995,MID,NEUTRAL
2025-01-23,23128.30078125,23270.80078125,23090.650390625,23205.349609375,275600,16.700000762939453,-0.004566407068844702,-0.02294084375279093,MID,NEUTRAL
2025-01-24,23183.900390625,23347.30078125,23050.0,23092.19921875,264300,16.75,-0.004783823082047389,-0.03028551823950887,MID,BEAR
2025-01-27,22940.150390625,23007.44921875,22786.900390625,22829.150390625,257400,18.1299991607666,-0.022086319595412296,-0.034500039607840205,MID,BEAR
2025-01-28,22960.44921875,23137.94921875,22857.650390625,22957.25,361900,18.200000762939453,-0.0029273143991990214,-0.02907830721903215,MID,NEUTRAL
2025-01-29,23026.75,23183.349609375,22976.5,23163.099609375,226300,18.639999389648438,0.0003346958750674034,-0.02441996435612126,MID,NEUTRAL
2025-01-30,23169.5,23322.05078125,23139.19921875,23249.5,361900,17.389999389648438,0.001902595365646409,-0.03882607650524372,MID,BEAR
2025-01-31,23296.75,23546.80078125,23277.400390625,23508.400390625,304900,16.25,0.018023453198734662,-0.020677141373061536,MID,NEUTRAL
2025-02-01,23528.599609375,23632.44921875,23318.30078125,23482.150390625,281000,,0.02860378020323351,-0.005669889172634668,,NEUTRAL
2025-02-03,23319.349609375,23381.599609375,23222.0,23361.05078125,329700,14.350000381469727,0.017589248766729515,-0.014630127664622572,LOW,NEUTRAL
2025-02-04,23509.900390625,23762.75,23423.150390625,23739.25,376700,14.020000457763672,0.024873630919059364,0.0021233859208151795,LOW,NEUTRAL
2025-02-05,23801.75,23807.30078125,23680.44921875,23696.30078125,267000,14.079999923706055,0.019217651186046902,0.007217426359636958,LOW,NEUTRAL
2025-02-06,23761.94921875,23773.55078125,23556.25,23603.349609375,307000,14.180000305175781,0.0040389485108422996,0.007334127536649415,LOW,NEUTRAL
2025-02-07,23649.5,23694.5,23443.19921875,23559.94921875,368100,13.6899995803833,0.003313104925691146,0.020531969273112072,LOW,NEUTRAL
2025-02-10,23543.80078125,23568.599609375,23316.30078125,23381.599609375,234200,14.449999809265137,0.0008796191711331058,0.008869018715272015,LOW,NEUTRAL
2025-02-11,23383.55078125,23390.05078125,22986.650390625,23071.80078125,268000,14.869999885559082,-0.02811585112208681,-0.006091294705547923,LOW,NEUTRAL
2025-02-12,23050.80078125,23144.69921875,22798.349609375,23045.25,279700,14.899999618530273,-0.027474785505978705,-0.01143415662098446,LOW,NEUTRAL
2025-02-13,23055.75,23235.5,22992.19921875,23031.400390625,265700,14.960000038146973,-0.02423169711992179,-0.007404100895973542,LOW,NEUTRAL
2025-02-14,23096.44921875,23133.69921875,22774.849609375,22929.25,254500,15.020000457763672,-0.02676997360622757,-0.017798434337484847,MID,NEUTRAL
2025-02-17,22809.900390625,22974.19921875,22725.44921875,22959.5,207400,15.720000267028809,-0.0180526403850384,-0.002829593045700629,MID,NEUTRAL
2025-02-18,22963.650390625,22992.5,22801.5,22945.30078125,210600,15.670000076293945,-0.005482883681225403,-0.009071287269182826,MID,NEUTRAL
2025-02-19,22847.25,23049.94921875,22814.849609375,22932.900390625,207000,15.420000076293945,-0.004875174249574177,-0.011740793538397298,MID,NEUTRAL
2025-02-20,22821.099609375,22923.849609375,22812.75,22913.150390625,240800,14.680000305175781,-0.005134294832029984,-0.007753649898344039,LOW,NEUTRAL
2025-02-21,22857.19921875,22921.0,22720.30078125,22795.900390625,242800,14.529999732971191,-0.005815698698169336,-0.0014564711971783995,LOW,NEUTRAL
2025-02-24,22609.349609375,22668.05078125,22518.80078125,22553.349609375,214300,14.4399995803833,-0.01768986217578783,-0.01759358767382857,LOW,NEUTRAL
2025-02-25,22516.44921875,22625.30078125,22513.900390625,22547.55078125,250300,13.720000267028809,-0.01733470412055027,-0.026574544793472432,LOW,NEUTRAL
2025-02-27,22568.94921875,22613.30078125,22508.400390625,22545.05078125,289200,13.3100004196167,-0.01691236619741099,-0.03029954273210178,LOW,BEAR
2025-02-28,22433.400390625,22450.349609375,22104.849609375,22124.69921875,551300,13.90999984741211,-0.034410421894564,-0.058859860683111886,LOW,BEAR
2025-03-03,22194.55078125,22261.55078125,22004.69921875,22119.30078125,282400,13.760000228881836,-0.02968075828464567,-0.058037683376693794,LOW,BEAR
2025-03-04,21974.44921875,22105.05078125,21964.599609375,22082.650390625,253300,13.829999923706055,-0.020870479414478615,-0.054723582538978355,LOW,BEAR
2025-03-05,22073.05078125,22394.900390625,22067.80078125,22337.30078125,305900,13.670000076293945,-0.009324737841364117,-0.059056171477616215,LOW,BEAR
2025-03-06,22476.349609375,22556.44921875,22245.849609375,22544.69921875,372100,13.729999542236328,-1.559377725124378e-05,-0.04859836871294354,LOW,BEAR
2025-03-07,22508.650390625,22633.80078125,22464.75,22552.5,289800,13.470000267028809,0.01933589139541625,-0.04452120681030858,LOW,BEAR
2025-03-10,22521.849609375,22676.75,22429.05078125,22460.30078125,293900,13.989999771118164,0.015416400517011652,-0.04667448249951467,LOW,BEAR
2025-03-11,22345.94921875,22522.099609375,22314.69921875,22497.900390625,347900,14.069999694824219,0.018804355122892913,-0.037794643374000625,LOW,BEAR
2025-03-12,22536.349609375,22577.400390625,22329.55078125,22470.5,369700,13.6899995803833,0.00596308479947627,-0.026062152102954372,LOW,NEUTRAL
2025-03-13,22541.5,22558.05078125,22377.349609375,22397.19921875,287500,13.279999732971191,-0.0065425579010309765,-0.028120796313773955,LOW,NEUTRAL
2025-03-17,22353.150390625,22577.0,22353.150390625,22508.75,251100,13.420000076293945,-0.0019399179691830248,-0.022692948833356485,LOW,NEUTRAL
2025-03-18,22662.25,22857.80078125,22599.19921875,22834.30078125,272600,13.210000038146973,0.016651602471513538,-0.004140964870198549,LOW,NEUTRAL
2025-03-19,22874.94921875,22940.69921875,22807.94921875,22907.599609375,324000,13.300000190734863,0.01821055350217149,-0.002260519202290978,LOW,NEUTRAL
2025-03-20,23036.599609375,23216.69921875,22973.94921875,23190.650390625,313700,12.600000381469727,0.032048703438953385,0.010692804235344244,LOW,NEUTRAL
2025-03-21,23168.25,23402.69921875,23132.80078125,23350.400390625,541000,12.579999923706055,0.04255894509689506,0.018205285545594307,LOW,NEUTRAL
2025-03-24,23515.400390625,23708.75,23433.5,23658.349609375,311900,13.699999809265137,0.0510734540734159,0.03252277430409145,LOW,BULL
2025-03-25,23751.5,23869.599609375,23601.400390625,23668.650390625,338200,13.640000343322754,0.036539310634819744,0.03828539276996157,LOW,BULL
2025-03-26,23700.94921875,23736.5,23451.69921875,23486.849609375,278600,13.470000267028809,0.025286368274174853,0.041390747546074635,LOW,BULL
2025-03-27,23433.94921875,23646.44921875,23412.19921875,23591.94921875,510300,13.300000190734863,0.01730433693602773,0.04631981751066716,LOW,BULL
2025-03-28,23600.400390625,23649.19921875,23450.19921875,23519.349609375,295400,12.720000267028809,0.007235388512559782,0.043215641320945464,LOW,BULL
2025-04-01,23341.099609375,23565.150390625,23136.400390625,23165.69921875,314300,13.779999732971191,-0.0208235315970553,0.04705148710531559,LOW,BULL
2025-04-02,23192.599609375,23350.0,23158.44921875,23332.349609375,341000,13.720000267028809,-0.014208701201789076,0.054841192319843746,LOW,BULL
2025-04-03,23150.30078125,23306.5,23145.80078125,23250.099609375,283200,13.600000381469727,-0.010080108824194967,0.052867259957420254,LOW,BULL
2025-04-04,23190.400390625,23214.69921875,22857.44921875,22904.44921875,466800,13.760000228881836,-0.02914129704270474,0.025390195666616266,LOW,NEUTRAL
2025-04-07,21758.400390625,22254.0,21743.650390625,22161.599609375,647100,22.790000915527344,-0.05772906234867947,-0.016992890686090112,HIGH,NEUTRAL
2025-04-08,22446.75,22697.19921875,22270.849609375,22535.849609375,468300,20.440000534057617,-0.027188888339930162,-0.0007382946735394746,HIGH,NEUTRAL
2025-04-09,22460.30078125,22468.69921875,22353.25,22399.150390625,383800,21.43000030517578,-0.03999593844483784,-0.0027225989188910393,HIGH,NEUTRAL
2025-04-11,22695.400390625,22923.900390625,22695.400390625,22828.55078125,402200,20.110000610351562,-0.01813105471406329,0.014696944376319854,HIGH,NEUTRAL
2025-04-15,23368.349609375,23368.349609375,23207.0,23328.55078125,388300,16.1299991607666,0.01851612140722514,0.0381856559155338,MID,BULL
2025-04-16,23344.099609375,23452.19921875,23273.05078125,23437.19921875,348400,15.869999885559082,0.05755900439765127,0.04643437734524225,MID,BULL
2025-04-17,23401.849609375,23872.349609375,23298.55078125,23851.650390625,505300,15.470000267028809,0.05838700577335332,0.05966126020436491,MID,BULL
2025-04-21,23949.150390625,24189.55078125,23903.650390625,24125.55078125,406100,15.520000457763672,0.07707436936302603,0.05654869892316938,MID,BULL
2025-04-22,24185.400390625,24242.599609375,24072.0,24167.25,440900,15.229999542236328,0.05864144559932072,0.054988318815799575,MID,BULL
2025-04-23,24357.599609375,24359.30078125,24119.94921875,24328.94921875,415000,15.960000038146973,0.04288300833089287,0.04908438568782736,MID,BULL
2025-04-24,24277.900390625,24347.849609375,24216.150390625,24246.69921875,358800,16.25,0.03453910991857723,0.03838473058838243,MID,BULL
2025-04-25,24289.0,24365.44921875,23847.849609375,24039.349609375,387700,17.15999984741211,0.007869443651739028,0.016104250984989354,MID,NEUTRAL
2025-04-28,24070.25,24355.099609375,24054.05078125,24328.5,320500,16.940000534057617,0.008412210796353348,0.02787863264211987,MID,NEUTRAL
2025-04-29,24370.69921875,24457.650390625,24290.75,24335.94921875,357600,17.3700008392334,0.006980488833028264,0.036152128680386086,MID,BULL
2025-04-30,24342.05078125,24396.150390625,24198.75,24334.19921875,424500,18.219999313354492,0.0002157923037611198,0.031462003970832875,MID,BULL
2025-05-02,24311.900390625,24589.150390625,24238.5,24346.69921875,421100,18.260000228881836,0.00412427271431115,0.03517740171884731,MID,BULL
2025-05-05,24419.5,24526.400390625,24400.650390625,24461.150390625,291500,18.34000015258789,0.01754626427519912,0.055921090904369475,MID,BULL
2025-05-06,24500.75,24509.650390625,24331.80078125,24379.599609375,302400,19.0,0.0021004011498859665,0.04488403515003103,MID,BULL
2025-05-07,24233.30078125,24449.599609375,24220.0,24414.400390625,330100,19.059999465942383,0.003223674210108829,0.05007723841236911,MID,BULL
2025-05-08,24431.5,24447.25,24150.19921875,24273.80078125,411400,21.010000228881836,-0.002482039246784029,0.0597853958164174,HIGH,BULL
2025-05-09,23935.75,24164.25,23935.75,24008.0,335600,21.6299991607666,-0.01391150462355728,0.08331530318975355,HIGH,BULL
2025-05-12,24420.099609375,24944.80078125,24378.849609375,24924.69921875,368700,18.389999389648438,0.018950409965291737,0.10600219875363526,MID,BULL
2025-05-13,24864.05078125,24973.80078125,24547.5,24578.349609375,423000,18.200000762939453,0.008152307797687275,0.09728936949600042,MID,BULL
2025-05-14,24613.80078125,24767.55078125,24535.55078125,24666.900390625,345500,17.229999542236328,0.010342256863165034,0.0805285288142299,MID,BULL
2025-05-15,24694.44921875,25116.25,24494.44921875,25062.099609375,500800,16.889999389648438,0.03247529446372943,0.0743101808758011,MID,BULL
2025-05-16,25064.650390625,25070.0,24953.05078125,25019.80078125,432700,16.549999237060547,0.04214431777949024,0.06752519990673211,MID,BULL
2025-05-19,25005.349609375,25062.94921875,24916.650390625,24945.44921875,255300,17.360000610351562,0.0008325075387225489,0.04585841273922586,MID,BULL
2025-05-20,24996.19921875,25010.349609375,24669.69921875,24683.900390625,414800,17.389999389648438,0.004294461708272745,0.02314349688583861,MID,NEUTRAL
2025-05-21,24744.25,24946.19921875,24685.349609375,24813.44921875,332700,17.549999237060547,0.005941112413973881,0.026738632601971624,MID,NEUTRAL
2025-05-22,24733.94921875,24737.5,24462.400390625,24609.69921875,403300,17.260000228881836,-0.018051176783918432,0.01153975033922272,MID,NEUTRAL
2025-05-23,24639.5,24909.05078125,24614.05078125,24853.150390625,270500,17.280000686645508,-0.006660740110684182,0.025011700207260734,MID,NEUTRAL
2025-05-26,24919.349609375,25079.19921875,24900.5,25001.150390625,302800,18.020000457763672,0.0022329191744172583,0.04000943440145788,MID,BULL
2025-05-27,24956.650390625,25062.900390625,24704.099609375,24826.19921875,525700,18.540000915527344,0.005764843718906176,0.020457456018661224,MID,NEUTRAL
2025-05-28,24832.5,24864.25,24737.05078125,24752.44921875,684400,18.020000457763672,-0.002458344241553778,0.017114598500193257,MID,NEUTRAL
2025-05-29,24825.099609375,24892.599609375,24677.30078125,24833.599609375,345400,16.420000076293945,0.009098054739913763,0.020522573442244285,MID,NEUTRAL
2025-05-30,24812.599609375,24863.94921875,24717.400390625,24750.69921875,853900,16.079999923706055,-0.004122260971536451,0.01659362513045992,MID,NEUTRAL
2025-06-02,24669.69921875,24754.400390625,24526.150390625,24716.599609375,311100,17.15999984741211,-0.011381507522817857,0.01044305826466374,MID,NEUTRAL
2025-06-03,24786.30078125,24845.099609375,24502.150390625,24542.5,349300,16.559999465942383,-0.011427412478658305,0.006681832074155958,MID,NEUTRAL
2025-06-04,24560.44921875,24644.25,24530.44921875,24620.19921875,280900,15.75,-0.00534290561839923,0.008429403337057773,MID,NEUTRAL
2025-06-05,24691.19921875,24899.849609375,24613.099609375,24750.900390625,388400,15.079999923706055,-0.0033301341751028612,0.01965491987326229,MID,NEUTRAL
2025-06-06,24748.69921875,25029.5,24671.44921875,25003.05078125,335600,14.630000114440918,0.01019573468489443,0.04144663367419188,LOW,BULL
2025-06-09,25160.099609375,25160.099609375,25077.150390625,25103.19921875,279200,14.6899995803833,0.015641294331942168,0.007161570875275469,LOW,NEUTRAL
2025-06-10,25196.05078125,25199.30078125,25055.44921875,25104.25,307300,14.020000457763672,0.02288886625241937,0.021396896007387145,LOW,NEUTRAL
2025-06-11,25134.150390625,25222.400390625,25081.30078125,25141.400390625,301200,13.670000076293945,0.021169656965166483,0.019236304216817546,LOW,NEUTRAL
2025-06-12,25164.44921875,25196.19921875,24825.900390625,24888.19921875,328300,14.020000457763672,0.005547225594144667,-0.0069387798043843985,LOW,NEUTRAL
2025-06-13,24473.0,24754.349609375,24473.0,24718.599609375,318700,15.079999923706055,-0.011376658567134212,-0.012038511997294665,MID,NEUTRAL
2025-06-16,24732.349609375,24967.099609375,24703.599609375,24946.5,305800,14.84000015258789,-0.006242201138767944,4.212316406038141e-05,LOW,NEUTRAL
2025-06-17,24977.849609375,24982.05078125,24813.69921875,24853.400390625,242400,14.399999618530273,-0.009992316415547209,0.0068668240155584925,LOW,NEUTRAL
2025-06-18,24788.349609375,24947.55078125,24750.44921875,24812.05078125,237600,14.279999732971191,-0.013099891185767487,-5.6358045496640585e-05,LOW,NEUTRAL
2025-06-19,24803.25,24863.099609375,24733.400390625,24793.25,274600,14.260000228881836,-0.0038150296819573493,0.007458473166147117,LOW,NEUTRAL
2025-06-20,24787.650390625,25136.19921875,24783.650390625,25112.400390625,574700,13.670000076293945,0.015931354828881306,0.010431273135408814,LOW,NEUTRAL
2025-06-23,24939.75,25057.0,24824.849609375,24971.900390625,248500,14.050000190734863,0.0010181945613612076,-0.0011699461641960784,LOW,NEUTRAL
2025-06-24,25179.900390625,25317.69921875,24999.69921875,25044.349609375,450200,13.640000343322754,0.007683021870199536,0.008787103845531163,LOW,NEUTRAL
2025-06-25,25150.349609375,25266.80078125,25125.05078125,25244.75,260600,12.960000038146973,0.017439075172173357,0.019888972476997724,LOW,NEUTRAL
2025-06-26,25268.94921875,25565.30078125,25259.900390625,25549.0,428900,12.59000015258789,0.030482086858318214,0.02880776052920364,LOW,NEUTRAL
2025-06-27,25576.650390625,25654.19921875,25523.55078125,25637.80078125,564000,12.390000343322754,0.02092195020995069,0.03584147480681965,LOW,BULL
2025-06-30,25661.650390625,25669.349609375,25473.30078125,25517.05078125,271000,12.789999961853027,0.02183055282527313,0.03238516561846927,LOW,BULL
2025-07-01,25551.349609375,25593.400390625,25501.80078125,25541.80078125,260700,12.529999732971191,0.01986281055942407,0.04071715518997654,LOW,BULL
2025-07-02,25588.30078125,25608.099609375,25378.75,25453.400390625,309800,12.449999809265137,0.008265100293130212,0.0338421783053835,LOW,BULL
2025-07-03,25505.099609375,25587.5,25384.349609375,25405.30078125,293400,12.390000343322754,-0.0056244557027672615,0.026439457971107583,LOW,NEUTRAL
2025-07-04,25428.849609375,25470.25,25331.650390625,25461.0,193500,12.319999694824219,-0.006896097787736255,0.018315733658126998,LOW,NEUTRAL
2025-07-07,25450.44921875,25489.80078125,25407.25,25461.30078125,196100,12.5600004196167,-0.002184813616507908,0.014265176298028592,LOW,NEUTRAL
2025-07-08,25427.849609375,25548.05078125,25424.150390625,25522.5,210400,12.199999809265137,-0.0007556546781998241,0.01666052560821374,LOW,NEUTRAL
2025-07-09,25514.599609375,25548.69921875,25424.349609375,25476.099609375,239100,11.9399995803833,0.000891795139417173,0.013312672068768627,LOW,NEUTRAL
2025-07-10,25511.650390625,25524.05078125,25340.44921875,25355.25,219600,11.670000076293945,-0.001970092056022388,0.01876595317905272,LOW,NEUTRAL
2025-07-11,25255.5,25322.44921875,25129.0,25149.849609375,250000,11.819999694824219,-0.012220666534111024,0.017446376688606602,LOW,NEUTRAL
2025-07-14,25149.5,25151.099609375,25001.94921875,25082.30078125,259500,11.979999542236328,-0.014885335327372573,0.005443680726755273,LOW,NEUTRAL
2025-07-15,25089.5,25245.19921875,25088.44921875,25195.80078125,241300,11.479999542236328,-0.012800439563130595,0.013776802580067082,LOW,NEUTRAL
2025-07-16,25196.599609375,25255.30078125,25121.05078125,25212.05078125,228800,11.239999771118164,-0.010364570408094687,0.016121198667796932,LOW,NEUTRAL
2025-07-17,25230.75,25238.349609375,25101.0,25111.44921875,243400,11.239999771118164,-0.00961539646621512,0.012834106813346402,LOW,NEUTRAL
2025-07-18,25108.55078125,25144.599609375,24918.650390625,24968.400390625,317000,11.390000343322754,-0.007214723808223522,-0.005734218862397444,LOW,NEUTRAL
2025-07-21,24999.0,25111.400390625,24882.30078125,25090.69921875,305200,11.199999809265137,0.00033483521201849165,0.0047573002561551725,LOW,NEUTRAL
2025-07-22,25166.650390625,25182.0,25035.55078125,25060.900390625,483700,10.75,-0.0053540822852270464,0.000660858896643246,LOW,NEUTRAL
2025-07-23,25139.349609375,25233.5,25085.5,25219.900390625,271500,10.520000457763672,0.0003113435492854144,-0.00098434761187971,LOW,NEUTRAL
2025-07-24,25243.30078125,25246.25,25018.69921875,25062.099609375,338700,10.720000267028809,-0.0019652234701831306,-0.019057512647266073,LOW,NEUTRAL
2025-07-25,25010.349609375,25010.349609375,24806.349609375,24837.0,278100,11.279999732971191,-0.00526266755455973,-0.03123515890004336,LOW,BEAR
2025-07-28,24782.44921875,24889.19921875,24646.599609375,24680.900390625,262100,12.0600004196167,-0.01633269860485842,-0.032768300607819656,LOW,BEAR
2025-07-29,24609.650390625,24847.150390625,24598.599609375,24821.099609375,284700,11.529999732971191,-0.009568721694441118,-0.028216537199055258,LOW,NEUTRAL
2025-07-30,24890.400390625,24902.30078125,24771.94921875,24855.05078125,243900,11.210000038146973,-0.014466734750095411,-0.023507649280344656,LOW,NEUTRAL
2025-07-31,24642.25,24956.5,24635.0,24768.349609375,346300,11.539999961853027,-0.011720885503547995,-0.025071585546631026,LOW,NEUTRAL
2025-08-01,24734.900390625,24784.150390625,24535.05078125,24565.349609375,263400,11.979999542236328,-0.010937326997020547,-0.035177345376261715,LOW,BEAR
2025-08-04,24596.05078125,24736.25,24554.0,24722.75,259300,11.970000267028809,0.0016956273358201823,-0.029006796926647094,LOW,NEUTRAL
2025-08-05,24720.25,24733.099609375,24590.30078125,24649.55078125,251800,11.710000038146973,-0.006911411292197744,-0.03420312346948773,LOW,BEAR
2025-08-06,24641.349609375,24671.400390625,24539.19921875,24574.19921875,225100,11.960000038146973,-0.011299577094884383,-0.03540182384485213,LOW,BEAR
2025-08-07,24464.19921875,24634.19921875,24344.150390625,24596.150390625,616700,11.6899995803833,-0.006952389701606165,-0.029938557473304317,LOW,NEUTRAL
2025-08-08,24544.25,24585.5,24337.5,24363.30078125,312600,12.029999732971191,-0.0082249522737462,-0.03127449429486062,LOW,BEAR
2025-08-11,24371.5,24600.849609375,24347.44921875,24585.05078125,241100,12.220000267028809,-0.005569737134825226,-0.01982473634841797,LOW,NEUTRAL
2025-08-12,24563.349609375,24702.599609375,24465.650390625,24487.400390625,237000,12.229999542236328,-0.006578229034029381,-0.0281158117090754,LOW,NEUTRAL
2025-08-13,24586.19921875,24664.55078125,24535.25,24619.349609375,236000,12.140000343322754,0.0018373087246135178,-0.02350864580662304,LOW,NEUTRAL
2025-08-14,24607.25,24673.650390625,24596.900390625,24631.30078125,270200,12.359999656677246,0.0014291013051537238,-0.019120698025723137,LOW,NEUTRAL
2025-08-18,24938.19921875,25022.0,24852.849609375,24876.94921875,363100,12.34000015258789,0.021082875514770283,-0.003662676440791879,LOW,NEUTRAL
2025-08-19,24891.349609375,25012.650390625,24873.94921875,24980.650390625,252300,11.789999961853027,0.016091063341496348,-0.004386040706381045,LOW,NEUTRAL
2025-08-20,24965.80078125,25088.69921875,24929.69921875,25050.55078125,287100,11.789999961853027,0.02299755717804164,-0.00041297835327858134,LOW,NEUTRAL
2025-08-21,25142.0,25153.650390625,25054.900390625,25083.75,226500,11.369999885559082,0.018863227420441664,-0.005398530070150898,LOW,NEUTRAL
2025-08-22,25064.150390625,25084.849609375,24859.150390625,24870.099609375,210200,11.729999542236328,0.00969493370430441,-0.007660970269553036,LOW,NEUTRAL
2025-08-25,24949.150390625,25021.55078125,24894.349609375,24967.75,213000,11.760000228881836,0.003649996647561604,0.005264323388493031,LOW,NEUTRAL
2025-08-26,24899.5,24919.650390625,24689.599609375,24712.05078125,750500,12.1899995803833,-0.010752306492220143,0.001262125373547196,LOW,NEUTRAL
2025-08-28,24695.80078125,24702.650390625,24481.599609375,24500.900390625,326600,12.180000305175781,-0.021941648925196677,-0.012900283379430166,LOW,NEUTRAL
2025-08-29,24466.69921875,24572.44921875,24404.69921875,24426.849609375,325500,11.75,-0.026188284870683254,-0.01722793389736399,LOW,NEUTRAL
2025-09-01,24432.69921875,24635.599609375,24432.69921875,24625.05078125,229300,11.289999961853027,-0.009853150247642217,-0.005785562235069541,LOW,NEUTRAL
2025-09-02,24653.0,24756.099609375,24522.349609375,24579.599609375,271600,11.399999618530273,-0.015546070055371453,0.000580085373365069,LOW,NEUTRAL
2025-09-03,24616.5,24737.05078125,24533.19921875,24715.05078125,340300,10.930000305175781,0.00012139826138080068,-0.0003114224246898445,LOW,NEUTRAL
2025-09-04,24980.75,24980.75,24708.19921875,24734.30078125,314100,10.850000381469727,0.009526196462326997,0.0034381965315353202,LOW,NEUTRAL
2025-09-05,24818.849609375,24832.349609375,24621.599609375,24741.0,210100,10.779999732971191,0.012860863993874538,0.0067876385214102886,LOW,NEUTRAL
2025-09-08,24802.599609375,24885.5,24751.55078125,24773.150390625,213200,10.84000015258789,0.006014184932676914,0.007196248079027301,LOW,NEUTRAL
2025-09-09,24864.099609375,24891.80078125,24814.0,24868.599609375,226900,10.6899995803833,0.011757717969082426,0.020740162946798923,LOW,NEUTRAL
2025-09-10,24991.0,25035.69921875,24915.05078125,24973.099609375,244100,10.539999961853027,0.010440958847665716,0.015783934374500097,LOW,NEUTRAL
2025-09-11,24945.5,25037.30078125,24940.150390625,25005.5,224600,10.359999656677246,0.010964499103834902,0.021157803650458273,LOW,NEUTRAL
2025-09-12,25074.44921875,25139.44921875,25038.05078125,25114.0,225700,10.119999885559082,0.015076189321369338,0.02009193575270718,LOW,NEUTRAL
2025-09-15,25118.900390625,25138.44921875,25048.75,25069.19921875,185400,10.399999618530273,0.01195039078425153,0.017778128787795833,LOW,NEUTRAL
2025-09-16,25073.599609375,25261.400390625,25070.44921875,25239.099609375,240100,10.270000457763672,0.014898305727690797,0.014557668926382883,LOW,NEUTRAL
2025-09-17,25276.599609375,25346.5,25275.349609375,25330.25,268900,10.25,0.014301404159334785,0.013994816144026423,LOW,NEUTRAL
2025-09-18,25441.05078125,25448.94921875,25329.75,25423.599609375,272200,9.890000343322754,0.01672030590770035,0.014891841356407198,LOW,NEUTRAL
2025-09-19,25410.19921875,25428.75,25286.30078125,25327.05078125,380400,9.970000267028809,0.008483347186827972,0.009699537798375513,LOW,NEUTRAL
2025-09-22,25238.099609375,25331.69921875,25151.05078125,25202.349609375,254500,10.5600004196167,0.0053113140736227304,0.013359415732888902,LOW,NEUTRAL
2025-09-23,25209.0,25261.900390625,25084.650390625,25169.5,299200,10.630000114440918,-0.0027576106300221115,0.008080423746633203,LOW,NEUTRAL
2025-09-24,25108.75,25149.849609375,25027.44921875,25056.900390625,244400,10.520000457763672,-0.010791429590114587,0.013954714338668017,LOW,NEUTRAL
2025-09-25,25034.5,25092.69921875,24878.30078125,24890.849609375,342500,10.779999732971191,-0.02095493982699237,0.01591570973037415,LOW,NEUTRAL
2025-09-26,24818.55078125,24868.599609375,24629.44921875,24654.69921875,291500,11.430000305175781,-0.02654677673713801,0.009327834453426664,LOW,NEUTRAL
2025-09-29,24728.55078125,24791.30078125,24606.19921875,24634.900390625,394400,11.369999885559082,-0.022515726809016035,0.0003999833122172447,LOW,NEUTRAL
2025-09-30,24691.94921875,24731.80078125,24587.69921875,24611.099609375,303000,11.069999694824219,-0.022185597275472313,0.0012815505744847577,LOW,NEUTRAL
2025-10-01,24620.55078125,24867.94921875,24605.94921875,24836.30078125,308900,10.289999961853027,-0.008803946455306022,0.004905917494290035,LOW,NEUTRAL
2025-10-03,24759.55078125,24904.80078125,24747.55078125,24894.25,365900,10.0600004196167,0.00013661207545601073,0.006466696599373822,LOW,NEUTRAL
2025-10-06,24916.55078125,25095.94921875,24881.650390625,25077.650390625,268800,10.1899995803833,0.01715499216284666,0.013606983979022713,LOW,NEUTRAL
2025-10-07,25085.30078125,25220.900390625,25076.30078125,25108.30078125,288000,10.050000190734863,0.01921665535961159,0.013528775522705816,LOW,NEUTRAL
2025-10-08,25079.75,25192.5,25008.5,25046.150390625,227400,10.3100004196167,0.017677015174254018,0.0071395568724772485,LOW,NEUTRAL
2025-10-09,25074.30078125,25199.25,25024.30078125,25181.80078125,286300,10.119999885559082,0.013911089378529029,0.00835703917973607,LOW,NEUTRAL
2025-10-10,25167.650390625,25330.75,25156.849609375,25285.349609375,232900,10.100000381469727,0.015710439534229792,0.01119152224010711,LOW,NEUTRAL
2025-10-13,25177.30078125,25267.30078125,25152.30078125,25227.349609375,234300,11.010000228881836,0.005969427614556988,0.004513403256152015,LOW,NEUTRAL
2025-10-14,25277.55078125,25310.349609375,25060.55078125,25145.5,292100,11.15999984741211,0.0014815506263881062,0.0030436066419279317,LOW,NEUTRAL
2025-10-15,25181.94921875,25365.150390625,25159.349609375,25323.55078125,289900,10.529999732971191,0.011075569949816844,0.003346045349558846,LOW,NEUTRAL
2025-10-16,25394.900390625,25625.400390625,25376.849609375,25585.30078125,372800,10.869999885559082,0.016023476776150236,0.0100690195023736,LOW,NEUTRAL
2025-10-17,25546.849609375,25781.5,25508.599609375,25709.849609375,422100,11.630000114440918,0.01678837771903341,0.01125922388639422,LOW,NEUTRAL
2025-10-20,25824.599609375,25926.19921875,25788.5,25843.150390625,301100,11.359999656677246,0.024410046667017182,0.02037740650629072,LOW,NEUTRAL
2025-10-21,25901.19921875,25934.349609375,25825.80078125,25868.599609375,42500,11.300000190734863,0.028756620841701386,0.026436027208834645,LOW,NEUTRAL
2025-10-23,26057.19921875,26104.19921875,25862.44921875,25891.400390625,448400,11.729999542236328,0.022423775175930194,0.02868155468424094,LOW,NEUTRAL
2025-10-24,25935.099609375,25944.150390625,25718.19921875,25795.150390625,284900,11.59000015258789,0.008201959835030914,0.02946294188391385,LOW,NEUTRAL
2025-10-27,25843.19921875,26005.94921875,25827.0,25966.05078125,266300,11.859999656677246,0.009965098037040931,0.04319664409807977,LOW,BULL
2025-10-28,25939.94921875,26041.69921875,25810.05078125,25936.19921875,395200,11.949999809265137,0.003600521868214468,0.051977920664528554,LOW,BULL
2025-10-29,25982.0,26097.849609375,25960.30078125,26053.900390625,321900,11.970000267028809,0.007163154714523001,0.057601207128891385,LOW,BULL
2025-10-30,25984.400390625,26032.05078125,25845.25,25877.849609375,257400,12.069999694824219,-0.0005233699624415111,0.05147067868180355,LOW,BULL
2025-10-31,25863.80078125,25953.75,25711.19921875,25722.099609375,334400,12.149999618530273,-0.0028319579511562054,0.03566548963659377,LOW,BULL
2025-11-03,25696.849609375,25803.099609375,25645.5,25763.349609375,23300,12.670000076293945,-0.00780639203021849,0.03491166069975993,LOW,BULL
2025-11-04,25744.75,25787.400390625,25578.400390625,25597.650390625,305100,12.649999618530273,-0.01305313956257148,0.020735594918190436,LOW,NEUTRAL
2025-11-06,25593.349609375,25679.150390625,25491.55078125,25509.69921875,371900,12.40999984741211,-0.020887512568782962,0.015986682690998677,LOW,NEUTRAL
2025-11-07,25433.80078125,25551.25,25318.44921875,25492.30078125,305600,12.5600004196167,-0.014898796999937902,0.01781313230443593,LOW,NEUTRAL
2025-11-10,25503.5,25653.44921875,25503.5,25574.349609375,243600,12.300000190734863,-0.005744087856115354,0.015588592393967593,LOW,NEUTRAL
2025-11-11,25617.0,25715.80078125,25449.25,25694.94921875,297700,12.489999771118164,-0.0026549494402742235,0.016199088234996495,LOW,NEUTRAL
2025-11-12,25834.30078125,25934.55078125,25781.150390625,25875.80078125,312600,12.109999656677246,0.010866246955496761,0.025704292441169674,LOW,NEUTRAL
2025-11-13,25906.099609375,26010.69921875,25808.400390625,25879.150390625,385200,12.15999984741211,0.014482772560620694,0.029176210082320964,LOW,NEUTRAL
2025-11-14,25767.900390625,25940.19921875,25740.80078125,25910.05078125,518900,11.9399995803833,0.016387300761305124,0.023160259201653988,LOW,NEUTRAL
2025-11-17,25948.19921875,26024.19921875,25906.349609375,26013.44921875,281800,11.789999961853027,0.0171695318192584,0.016734156895812813,LOW,NEUTRAL
2025-11-18,26021.80078125,26029.849609375,25876.5,25910.05078125,280000,12.100000381469727,0.008371355812722747,0.007786944494688752,LOW,NEUTRAL
2025-11-19,25918.099609375,26074.650390625,25856.19921875,26052.650390625,250100,11.970000267028809,0.006834555995776093,0.008106596789995146,LOW,NEUTRAL
2025-11-20,26132.099609375,26246.650390625,26063.19921875,26192.150390625,240400,12.140000343322754,0.012094678352090993,0.012507471843691942,LOW,NEUTRAL
2025-11-21,26109.55078125,26179.19921875,26052.19921875,26068.150390625,235600,13.630000114440918,0.0061018641263879125,0.0068265909658560275,LOW,NEUTRAL
2025-11-24,26122.80078125,26142.80078125,25912.150390625,25959.5,464700,13.239999771118164,-0.002073897171279926,0.006371337514462949,LOW,NEUTRAL
2025-11-25,25998.5,26032.599609375,25857.5,25884.80078125,260500,12.239999771118164,-0.0009745252995904119,-0.0031290857698957897,LOW,NEUTRAL
2025-11-26,25842.94921875,26215.150390625,25842.94921875,26205.30078125,275300,11.970000267028809,0.005859303692185236,0.010375520338595345,LOW,NEUTRAL
2025-11-27,26261.25,26310.44921875,26141.900390625,26215.55078125,240300,11.789999961853027,0.0008934123497310598,0.006204460299662706,LOW,NEUTRAL
2025-11-28,26237.44921875,26280.75,26172.400390625,26202.94921875,202500,11.619999885559082,0.005171016205794077,0.012562852566282201,LOW,NEUTRAL
2025-12-01,26325.80078125,26325.80078125,26124.19921875,26175.75,213800,11.630000114440918,0.008330283711165398,0.017636600336453645,LOW,NEUTRAL
2025-12-02,26087.94921875,26154.599609375,25997.849609375,26032.19921875,254800,11.229999542236328,0.00569440107905983,0.010435351514896496,LOW,NEUTRAL
2025-12-03,26004.900390625,26066.44921875,25891.0,25986.0,265700,11.210000038146973,-0.008368565699002017,0.015171299062558985,LOW,NEUTRAL
2025-12-04,25981.849609375,26098.25,25938.94921875,26033.75,248100,10.819999694824219,-0.006934844999710199,0.020543197187711915,LOW,NEUTRAL
2025-12-05,25999.80078125,26202.599609375,25985.349609375,26186.44921875,249300,10.319999694824219,-0.0006297001097950172,0.0272297288289709,LOW,NEUTRAL
2025-12-08,26159.80078125,26178.69921875,25892.25,25960.55078125,320700,11.130000114440918,-0.008221320067237858,0.015101114115270597,LOW,NEUTRAL
2025-12-09,25867.099609375,25923.650390625,25728.0,25839.650390625,276000,10.949999809265137,-0.007396564020849761,0.00563150254328626,LOW,NEUTRAL
2025-12-10,25864.05078125,25947.650390625,25734.55078125,25758.0,207900,10.90999984741211,-0.008773955206649697,-0.004552546305556682,LOW,NEUTRAL
2025-12-11,25771.400390625,25922.80078125,25693.25,25898.55078125,206100,10.399999618530273,-0.005193228741537381,0.0007496533051574161,LOW,NEUTRAL
2025-12-12,25971.19921875,26057.599609375,25938.44921875,26046.94921875,216300,10.109999656677246,-0.005327182728543267,0.0052836035967582795,LOW,NEUTRAL
2025-12-15,25930.05078125,26047.150390625,25904.75,26027.30078125,181600,10.25,0.0025712089301359597,0.0005324769654158068,LOW,NEUTRAL
2025-12-16,25951.5,25980.75,25834.349609375,25860.099609375,264400,10.0600004196167,0.0007913891419142338,-0.0019278685440148324,LOW,NEUTRAL
2025-12-17,25902.400390625,25929.150390625,25770.349609375,25818.55078125,206500,9.84000015258789,0.0023507563184252955,-0.0089856350837626,LOW,NEUTRAL
2025-12-18,25764.69921875,25902.349609375,25726.30078125,25815.55078125,197600,9.710000038146973,-0.0032048125279693362,-0.01437833869149574,LOW,NEUTRAL
2025-12-19,25911.5,25993.349609375,25880.44921875,25966.400390625,382900,9.520000457763672,-0.0030924476969846904,-0.0039032305121499133,LOW,NEUTRAL
2025-12-22,26055.849609375,26180.69921875,26047.80078125,26172.400390625,253000,9.680000305175781,0.005574900393802151,0.008201251589013747,LOW,NEUTRAL
2025-12-23,26205.19921875,26233.55078125,26119.05078125,26177.150390625,216600,9.380000114440918,0.012260230472393774,0.011294257655124262,LOW,NEUTRAL
2025-12-24,26170.650390625,26236.400390625,26123.0,26142.099609375,188800,9.1899995803833,0.01253164172018395,-0.0024117705193531513,LOW,NEUTRAL
2025-12-26,26121.25,26144.19921875,26008.599609375,26042.30078125,142200,9.149999618530273,0.00878346551353415,-0.006608672899747425,LOW,NEUTRAL
2025-12-29,26063.349609375,26106.80078125,25920.30078125,25942.099609375,234300,9.720000267028809,-0.0009358548310289816,-0.009954971373540844,LOW,NEUTRAL
2025-12-30,25940.900390625,25976.75,25878.0,25938.849609375,396900,9.680000305175781,-0.008923552206302698,-0.009050376421879003,LOW,NEUTRAL
2025-12-31,25971.05078125,26187.94921875,25969.0,26129.599609375,246300,9.479999542236328,-0.0018164995249838611,0.003741535235134652,LOW,NEUTRAL
2026-01-01,26173.30078125,26197.55078125,26113.400390625,26146.55078125,425600,,0.0001702683388675741,0.006178356855614631,,NEUTRAL
2026-01-02,26155.099609375,26340.0,26118.400390625,26328.55078125,357500,9.449999809265137,0.01099173235131734,0.011323792432899493,LOW,NEUTRAL
2026-01-05,26333.69921875,26373.19921875,26210.05078125,26250.30078125,338800,10.020000457763672,0.011880348025632426,0.0024383436626558286,LOW,NEUTRAL
2026-01-06,26189.69921875,26273.94921875,26124.75,26178.69921875,383000,10.020000457763672,0.00924673271895271,0.008403074316033265,LOW,NEUTRAL
2026-01-07,26143.099609375,26187.150390625,26067.900390625,26140.75,338200,9.949999809265137,0.0004267340790402585,0.011652619320431823,LOW,NEUTRAL
2026-01-08,26106.5,26133.19921875,25858.44921875,25876.849609375,328500,10.600000381469727,-0.010314980898681547,0.004614085308447757,LOW,NEUTRAL
2026-01-09,25840.400390625,25940.599609375,25623.0,25683.30078125,348800,10.930000305175781,-0.024507615529659854,-0.008311275863197576,LOW,NEUTRAL
2026-01-12,25669.05078125,25813.150390625,25473.400390625,25790.25,275800,11.369999885559082,-0.017525543234102825,-0.009855250862362608,LOW,NEUTRAL
2026-01-13,25897.349609375,25899.80078125,25603.30078125,25732.30078125,339500,11.199999809265137,-0.017051971672460975,-0.01133425254041387,LOW,NEUTRAL
2026-01-14,25648.55078125,25791.75,25603.94921875,25665.599609375,393100,11.319999694824219,-0.018176616609125618,-0.0075212393972948766,LOW,NEUTRAL
2026-01-16,25696.05078125,25873.5,25662.400390625,25694.349609375,434000,11.369999885559082,-0.00705263595665373,-0.004810540023230003,LOW,NEUTRAL
2026-01-19,25653.099609375,25653.30078125,25494.349609375,25585.5,443100,11.829999923706055,-0.0038079521819640583,-0.008911325704392348,LOW,NEUTRAL
2026-01-20,25580.30078125,25585.0,25171.349609375,25232.5,409800,12.729999542236328,-0.021626389817857472,-0.028263462766674796,LOW,NEUTRAL
2026-01-21,25141.0,25300.94921875,24919.80078125,25157.5,395600,13.779999732971191,-0.02233771422681463,-0.038777505138143153,LOW,BEAR
2026-01-22,25344.150390625,25435.75,25168.5,25289.900390625,486400,13.350000381469727,-0.014638240464593166,-0.03389406359210734,LOW,BEAR
2026-01-23,25344.599609375,25347.94921875,25025.30078125,25048.650390625,393900,14.1899995803833,-0.025130008292344796,-0.04182713841232055,LOW,BEAR
2026-01-27,25063.349609375,25246.650390625,24932.55078125,25175.400390625,618700,14.449999809265137,-0.016028594687420572,-0.033288164433196044,LOW,BEAR
2026-01-28,25258.849609375,25372.099609375,25187.650390625,25342.75,574900,13.529999732971191,0.004369364906370743,-0.023103357800630997,LOW,NEUTRAL
2026-01-29,25345.0,25458.150390625,25159.80078125,25418.900390625,582400,13.369999885559082,0.010390555127695489,-0.020045191925630923,LOW,NEUTRAL
2026-01-30,25247.55078125,25370.69921875,25213.650390625,25320.650390625,508400,13.630000114440918,0.0012159003999636653,-0.030959112686126167,LOW,BEAR
2026-02-02,24796.5,25108.099609375,24679.400390625,25088.400390625,449200,13.869999885559082,0.0015869118447546793,-0.040469980131521255,LOW,BEAR
2026-02-03,26308.05078125,26341.19921875,25641.30078125,25727.55078125,637300,12.899999618530273,0.021932139392333738,-0.022826930543704882,LOW,NEUTRAL
2026-02-04,25675.05078125,25818.55078125,25563.94921875,25776.0,429800,12.25,0.017095619062651002,-0.018068394156793177,LOW,NEUTRAL
2026-02-05,25755.900390625,25757.650390625,25579.5,25642.80078125,343800,12.170000076293945,0.008808421575450254,-0.020470781723034293,LOW,NEUTRAL
2026-02-06,25605.80078125,25703.94921875,25491.900390625,25693.69921875,375500,11.9399995803833,0.014732987595892144,-0.01710168152214453,LOW,NEUTRAL
2026-02-09,25888.69921875,25922.25,25780.900390625,25867.30078125,359400,12.1899995803833,0.031046235650641796,-0.00036901045796322585,LOW,NEUTRAL
2026-02-10,25922.650390625,25989.44921875,25870.44921875,25935.150390625,460900,11.670000076293945,0.00806915555779586,0.009805967368448965,LOW,NEUTRAL
2026-02-11,25997.44921875,26009.400390625,25899.80078125,25953.849609375,331400,11.550000190734863,0.006899814143971117,0.006343467371390243,LOW,NEUTRAL
2026-02-12,25906.69921875,25906.69921875,25752.400390625,25807.19921875,419400,11.729999542236328,0.0064110952193727755,0.0029106778339298423,LOW,NEUTRAL
2026-02-13,25571.150390625,25630.349609375,25444.30078125,25471.099609375,453500,13.289999961853027,-0.008663587421952723,-0.007578237132981447,LOW,NEUTRAL
2026-02-16,25423.599609375,25697.0,25372.69921875,25682.75,275800,13.329999923706055,-0.007134520250515308,-0.00045144592298873576,LOW,NEUTRAL
2026-02-17,25637.94921875,25764.400390625,25570.30078125,25725.400390625,344100,12.670000076293945,-0.00808747961129308,0.00546795609329509,LOW,NEUTRAL
2026-02-18,25752.650390625,25828.05078125,25645.150390625,25819.349609375,310200,12.220000267028809,-0.0051822755400191545,0.023257687877737077,LOW,NEUTRAL
2026-02-19,25873.349609375,25885.30078125,25388.75,25454.349609375,298200,13.460000038146973,-0.013672526273933672,0.011799646601411196,LOW,NEUTRAL
2026-02-20,25406.55078125,25663.55078125,25379.75,25571.25,296600,14.359999656677246,0.003931922538127797,0.011124978945322272,LOW,NEUTRAL
2026-02-23,25678.400390625,25771.44921875,25609.349609375,25713.0,313700,14.170000076293945,0.0011778333706475852,0.02652237142579339,LOW,NEUTRAL
2026-02-24,25641.80078125,25641.80078125,25327.599609375,25424.650390625,439100,14.149999618530273,-0.011690780140767076,0.009900537672990373,LOW,NEUTRAL
2026-02-25,25512.599609375,25652.599609375,25428.19921875,25482.5,414200,13.489999771118164,-0.013046401806058316,0.005514397608783472,LOW,NEUTRAL
2026-02-26,25556.30078125,25572.94921875,25400.94921875,25496.55078125,405200,13.0600004196167,0.001657915936671861,0.0030548288648095667,LOW,NEUTRAL
2026-02-27,25459.849609375,25476.400390625,25141.30078125,25178.650390625,438900,13.699999809265137,-0.015353164564696709,-0.00560807079634007,LOW,NEUTRAL
2026-03-02,24659.25,24989.349609375,24603.5,24865.69921875,519200,17.1299991607666,-0.03295223354917742,-0.008876658870536014,MID,NEUTRAL
2026-03-04,24388.80078125,24602.44921875,24305.400390625,24480.5,599000,21.139999389648438,-0.037135235927300836,-0.04847141462679916,HIGH,BEAR
2026-03-05,24615.94921875,24854.19921875,24529.400390625,24765.900390625,504300,17.860000610351562,-0.028121244358873754,-0.0391876012327359,MID,BEAR
2026-03-06,24656.400390625,24700.900390625,24415.75,24450.44921875,433400,19.8799991607666,-0.04102914043060668,-0.046498491825114785,MID,BEAR
2026-03-09,23868.05078125,24078.150390625,23697.80078125,24028.05078125,526900,23.360000610351562,-0.04569742982743086,-0.06482711669188113,HIGH,BEAR
2026-03-10,24280.80078125,24303.80078125,24079.94921875,24261.599609375,444300,18.90999984741211,-0.02429449516221438,-0.062074554490776146,MID,BEAR
2026-03-11,24231.849609375,24299.0,23834.30078125,23866.849609375,407400,21.059999465942383,-0.0250669059302302,-0.07974894111266251,HIGH,BEAR
2026-03-12,23674.849609375,23833.150390625,23556.30078125,23639.150390625,501000,21.520000457763672,-0.04549602405840758,-0.08918519809538727,HIGH,BEAR
2026-03-13,23462.5,23492.400390625,23112.0,23151.099609375,519800,22.649999618530273,-0.05314215692931257,-0.1029208782735801,HIGH,BEAR
2026-03-16,23116.099609375,23502.0,22955.25,23408.80078125,540300,21.600000381469727,-0.025771961514382324,-0.08096622681205101,HIGH,BEAR
2026-03-17,23493.19921875,23656.80078125,23346.599609375,23581.150390625,458800,19.790000915527344,-0.02804634606561829,-0.0818292281541112,MID,BEAR
2026-03-18,23632.900390625,23862.25,23618.44921875,23777.80078125,382900,18.719999313354492,-0.00373106755111996,-0.07570726129824423,MID,BEAR
2026-03-19,23197.75,23378.69921875,22930.349609375,23002.150390625,550100,22.799999237060547,-0.026946822938806902,-0.10911193586871282,HIGH,BEAR
2026-03-20,23110.150390625,23345.150390625,23067.599609375,23114.5,663300,22.809999465942383,-0.0015809015551113692,-0.09192337047626697,HIGH,BEAR
2026-03-23,22824.349609375,22851.69921875,22471.25,22512.650390625,550300,26.729999542236328,-0.03828262707685559,-0.11961087586156327,HIGH,BEAR
2026-03-24,22878.44921875,23057.30078125,22624.19921875,22912.400390625,538100,24.739999771118164,-0.02835951549954363,-0.10891765291389566,HIGH,BEAR
2026-03-25,23064.400390625,23465.349609375,23063.19921875,23306.44921875,505400,24.639999389648438,-0.019823177376087853,-0.08331289277653386,HIGH,BEAR
2026-03-27,23173.55078125,23186.099609375,22804.55078125,22819.599609375,612600,26.799999237060547,-0.007936248487637187,-0.10449918142352599,HIGH,BEAR
2026-03-30,22549.650390625,22714.099609375,22283.849609375,22331.400390625,698600,27.889999389648438,-0.033879149857232504,-0.12414033638434852,HIGH,BEAR
2026-04-01,22899.0,22941.30078125,22618.599609375,22679.400390625,518000,25.010000228881836,0.007406946632522615,-0.09926068161820811,HIGH,BEAR
2026-04-02,22383.400390625,22782.30078125,22182.55078125,22713.099609375,495100,25.520000457763672,-0.008698380695701724,-0.08656903594135934,HIGH,BEAR
2026-04-06,22780.30078125,22998.349609375,22542.94921875,22968.25,426400,25.469999313354492,-0.014510971430084618,-0.06177365658381162,HIGH,BEAR
2026-04-07,22838.69921875,23153.849609375,22719.30078125,23123.650390625,477000,24.700000762939453,0.013324106752735876,-0.06631093455506532,HIGH,BEAR
2026-04-08,23855.150390625,24025.150390625,23828.5,23997.349609375,639300,19.700000762939453,0.07460119784737662,-0.018531340889538228,MID,NEUTRAL
2026-04-09,23909.05078125,23990.75,23682.80078125,23775.099609375,466600,20.43000030517578,0.04831253030847016,-0.010527328004167003,HIGH,NEUTRAL
2026-04-10,23880.55078125,24074.05078125,23856.349609375,24050.599609375,481300,18.850000381469727,0.05888672277243634,-0.008696870915241184,MID,NEUTRAL
2026-04-13,23589.599609375,23907.400390625,23555.599609375,23842.650390625,488800,20.5,0.03806996138691465,-0.0010139259745657325,HIGH,NEUTRAL
2026-04-15,24163.80078125,24280.900390625,24145.80078125,24231.30078125,460300,18.670000076293945,0.04790119085497313,0.025049563154344145,MID,NEUTRAL
2026-04-16,24385.19921875,24400.94921875,24102.80078125,24196.75,508000,18.09000015258789,0.008309267226206618,0.04516633802575698,MID,BULL
2026-04-17,24165.900390625,24371.900390625,24096.05078125,24353.55078125,498600,17.209999084472656,0.024330126114252115,0.0403587526259237,MID,BULL
2026-04-20,24391.5,24480.650390625,24241.25,24364.849609375,415900,18.790000915527344,0.01306620230281097,0.03323413852877888,MID,BULL
2026-04-21,24374.55078125,24601.69921875,24354.900390625,24576.599609375,425800,17.530000686645508,0.030783038241360527,0.03359431073856478,MID,BULL
2026-04-22,24470.849609375,24515.94921875,24352.900390625,24378.099609375,440500,18.299999237060547,0.006058231435870365,0.05981828635077502,MID,BULL
2026-04-23,24202.349609375,24310.19921875,24134.80078125,24173.05078125,467500,18.59000015258789,-0.000979438096025298,0.04579596276147013,MID,BULL
2026-04-24,24100.55078125,24206.0,23813.650390625,23897.94921875,438400,19.709999084472656,-0.01870780842565145,0.061534239820198344,MID,BULL
2026-04-27,23945.44921875,24130.69921875,23936.19921875,24092.69921875,430300,18.3799991607666,-0.011169795627233525,0.051513538869892406,MID,BULL
2026-04-28,24049.900390625,24181.80078125,23957.05078125,23995.69921875,554100,18.049999237060547,-0.02363632072206645,0.029573359439304836,MID,NEUTRAL
2026-04-29,24096.900390625,24334.69921875,24059.94921875,24177.650390625,531100,17.440000534057617,-0.008222512089207878,0.05951247193189446,MID,BULL
2026-04-30,23996.94921875,24087.44921875,23796.849609375,23997.55078125,505500,18.459999084472656,-0.0072601510495368116,0.07461020632295279,MID,BULL
2026-05-04,24063.55078125,24290.19921875,24004.75,24119.30078125,419100,18.299999237060547,0.009262366426251,0.06348935006325007,MID,BULL
2026-05-05,24052.599609375,24081.69921875,23882.05078125,24032.80078125,363300,17.90999984741211,-0.002486165495868775,0.05810308564535527,MID,BULL
2026-05-06,24171.0,24356.5,23997.900390625,24330.94921875,429200,16.68000030517578,0.013971253637736769,0.05932969289127388,MID,BULL
2026-05-07,24398.5,24482.099609375,24284.0,24326.650390625,440600,16.6200008392334,0.006162716293464765,0.052024657857988155,MID,BULL
2026-05-08,24233.650390625,24253.80078125,24126.650390625,24176.150390625,335900,16.84000015258789,0.007442409894369062,0.007450855371967657,MID,NEUTRAL
2026-05-11,23970.099609375,23997.44921875,23799.099609375,23815.849609375,390100,18.549999237060547,-0.012581259076585583,0.0017139780976536123,MID,NEUTRAL
2026-05-12,23722.599609375,23757.55078125,23348.400390625,23379.55078125,447500,19.280000686645508,-0.027181600927248306,-0.02790154254047883,MID,NEUTRAL
2026-05-13,23362.44921875,23582.94921875,23262.55078125,23412.599609375,415400,19.43000030517578,-0.037744092970581566,-0.018037037586186244,MID,NEUTRAL
2026-05-14,23530.25,23777.19921875,23426.55078125,23689.599609375,428700,18.610000610351562,-0.026187361228141248,-0.022355430967790357,MID,NEUTRAL
2026-05-15,23731.400390625,23839.30078125,23610.30078125,23643.5,408900,18.790000915527344,-0.022032059778696267,-0.022864640912519274,MID,NEUTRAL
2026-05-18,23482.19921875,23695.650390625,23317.099609375,23649.94921875,392000,19.6299991607666,-0.00696596566345864,-0.028891128395195143,MID,NEUTRAL
2026-05-19,23675.30078125,23782.30078125,23587.19921875,23618.0,442000,18.68000030517578,0.010199050485659056,-0.030652748584486633,MID,BEAR
2026-05-20,23457.25,23690.900390625,23397.30078125,23659.0,344100,18.440000534057617,0.010524264487329127,-0.03733631275113303,MID,BEAR
2026-05-21,23830.05078125,23859.900390625,23596.599609375,23654.69921875,348200,17.81999969482422,-0.0014732368296840326,-0.02967419127070936,MID,NEUTRAL
2026-05-22,23671.19921875,23835.650390625,23671.0,23719.30078125,336100,17.90999984741211,0.003205988167995333,-0.018770903354571766,MID,NEUTRAL
2026-05-25,23940.25,24054.44921875,23922.849609375,24031.69921875,351200,16.700000762939453,0.016141683708028598,0.005596714545491599,MID,NEUTRAL
2026-05-26,24004.099609375,24089.80078125,23885.44921875,23913.69921875,387900,16.1299991607666,0.012520078700567261,-0.0074296366038012485,MID,NEUTRAL
2026-05-27,23880.349609375,23983.19921875,23858.25,23907.150390625,531600,14.979999542236328,0.010488625496639647,-0.0036901957854100775,LOW,NEUTRAL
2026-05-29,23902.150390625,24002.80078125,23484.75,23547.75,1198000,16.190000534057617,-0.004521267328786216,-0.026053002688352533,MID,NEUTRAL
2026-06-01,23654.5,23733.69921875,23357.94921875,23382.599609375,421700,16.540000915527344,-0.014195240196168024,-0.025625580605312392,MID,NEUTRAL
2026-06-02,23229.150390625,23556.94921875,23229.150390625,23483.55078125,511900,15.359999656677246,-0.022809391566965154,-0.02635855847422508,MID,NEUTRAL
2026-06-03,23415.94921875,23459.650390625,23151.5,23405.599609375,450100,16.280000686645508,-0.021247219208001655,-0.026097714435528108,MID,NEUTRAL
2026-06-04,23282.44921875,23465.30078125,23247.30078125,23416.55078125,412500,15.890000343322754,-0.020521040833347715,-0.03758170013339812,MID,BEAR
2026-06-05,23478.94921875,23516.349609375,23282.650390625,23366.69921875,366200,15.789999961853027,-0.007688665849178822,-0.039460885755358444,MID,BEAR
2026-06-08,23080.69921875,23267.30078125,23070.150390625,23123.0,375700,17.030000686645508,-0.011102256109749131,-0.0435615419993991,MID,BEAR
2026-06-09,23259.05078125,23279.400390625,23104.44921875,23242.099609375,402600,15.579999923706055,-0.010281714810682852,-0.02409109939013665,MID,NEUTRAL
2026-06-10,23233.94921875,23425.349609375,23184.599609375,23214.94921875,380000,15.630000114440918,-0.008145503375552754,-0.007040407407314597,MID,NEUTRAL
2026-06-11,23104.400390625,23327.44921875,23072.05078125,23161.599609375,363000,15.609999656677246,-0.010887648409736883,-0.010720723208348604,MID,NEUTRAL
2026-06-12,23412.55078125,23645.349609375,23313.900390625,23622.900390625,351900,14.720000267028809,0.010964371539024187,-0.0028155485888248233,LOW,NEUTRAL
2026-06-15,23984.849609375,24011.400390625,23817.80078125,23853.900390625,398900,14.350000381469727,0.03160923715024011,0.008898868214308298,LOW,NEUTRAL
2026-06-16,23923.900390625,24002.599609375,23888.19921875,23989.150390625,327300,13.359999656677246,0.03214213835262392,0.014342575061686569,LOW,NEUTRAL
2026-06-17,24044.5,24108.19921875,23969.69921875,24085.69921875,352700,13.1899995803833,0.03750815872113655,0.01980265978279272,LOW,NEUTRAL
2026-06-18,24073.80078125,24189.25,24036.94921875,24168.0,340000,12.670000076293945,0.0434512472194557,0.021514011581216463,LOW,NEUTRAL
2026-06-19,23991.19921875,24047.19921875,23901.900390625,24013.099609375,447900,12.970000267028809,0.016517837026686744,0.015151340006932523,LOW,NEUTRAL
2026-06-22,24106.599609375,24168.05078125,24073.150390625,24102.900390625,252800,12.84000015258789,0.010438544469560274,0.016172467009577085,LOW,NEUTRAL
2026-06-23,24071.30078125,24135.5,23784.94921875,23824.099609375,340100,13.9399995803833,-0.006880226209032503,-0.008638573888817058,LOW,NEUTRAL
2026-06-24,23795.80078125,24090.05078125,23789.25,24021.650390625,395600,13.390000343322754,-0.0026592056781619133,0.0045141979451828185,LOW,NEUTRAL
2026-06-25,24125.849609375,24261.599609375,24039.0,24056.0,448800,13.050000190734863,-0.004634227077126796,0.006226154390753802,LOW,NEUTRAL
2026-06-29,24061.75,24120.0,23924.55078125,23946.25,588500,13.609999656677246,-0.002783880900943836,0.016923060589652872,LOW,NEUTRAL
2026-06-30,24032.05078125,24035.55078125,23829.19921875,23865.75,449000,13.600000381469727,-0.009839081055873278,0.020662817594981453,LOW,NEUTRAL
2026-07-01,23897.650390625,24049.900390625,23895.099609375,24005.849609375,352100,13.239999771118164,0.00762882975558421,0.022241050043506183,LOW,NEUTRAL
2026-07-02,24062.19921875,24194.55078125,24058.80078125,24175.69921875,372900,12.289999961853027,0.006412916082781717,0.032902366195589394,LOW,BULL
2026-07-03,24375.650390625,24378.150390625,24252.349609375,24270.849609375,326600,11.800000190734863,0.008931227526396635,0.036482692780229975,LOW,BULL
2026-07-06,24306.849609375,24458.650390625,24287.099609375,24430.349609375,329400,11.819999694824219,0.020216092681526243,0.04551992477275091,LOW,BULL
2026-07-07,24464.44921875,24530.900390625,24348.94921875,24398.69921875,412600,11.649999618530273,0.02233113221876537,0.0551701430934568,LOW,BULL
2026-07-08,24259.55078125,24300.0,23805.19921875,23882.05078125,420500,14.680000305175781,-0.005157027563675642,0.027534137734134267,LOW,NEUTRAL
2026-07-09,23928.94921875,24134.69921875,23925.69921875,23962.80078125,384800,13.359999656677246,-0.008806299068069179,0.032214223492506466,LOW,BULL
2026-07-10,24124.69921875,24228.44921875,24120.349609375,24206.900390625,313100,12.25,-0.0026348158296567448,0.04513076811961203,LOW,BULL
2026-07-13,24039.400390625,24259.80078125,24000.19921875,24211.0,322700,13.279999732971191,-0.00897857021623738,0.024895317664227035,LOW,NEUTRAL
2026-07-14,24068.0,24157.099609375,24023.69921875,24052.05078125,355800,13.75,-0.014207660596660232,0.008306833992770324,LOW,NEUTRAL
2026-07-15,24085.849609375,24220.349609375,24010.55078125,24078.5,306900,13.270000457763672,0.008225810276906165,0.0037245841524224943,LOW,NEUTRAL
2026-07-16,24142.099609375,24186.5,24050.0,24072.75,264300,12.880000114440918,0.004588329208830677,-0.0005376310080265068,LOW,NEUTRAL
2026-07-17,24127.599609375,24367.30078125,24099.05078125,24334.30078125,387800,13.149999618530273,0.0052629782652529045,0.006881031994786513,LOW,NEUTRAL
2026-07-20,24190.05078125,24266.099609375,24135.849609375,24238.5,353100,12.979999542236328,0.0011358473421172466,0.009386559598370203,LOW,NEUTRAL
2026-07-21,24216.05078125,24262.19921875,24135.650390625,24187.69921875,315600,12.600000381469727,0.005639786758048437,0.003518200164739582,LOW,NEUTRAL
2026-07-22,24150.44921875,24166.30078125,23961.400390625,23996.25,304700,13.289999961853027,-0.003415910459538596,0.0072258928332074035,LOW,NEUTRAL
2026-07-23,23904.80078125,23990.75,23807.19921875,23869.599609375,344000,13.479999542236328,-0.008439018833535816,-0.006329739163523085,LOW,NEUTRAL
2026-07-24,23666.349609375,23823.599609375,23606.30078125,23767.44921875,333900,14.029999732971191,-0.023294343552158647,-0.01199496097647157,LOW,NEUTRAL
2026-07-27,23928.400390625,24011.599609375,23891.55078125,23995.94921875,319400,12.65999984741211,-0.010006839583720062,0.002075448922065126,LOW,NEUTRAL
2026-07-28,23971.25,24041.150390625,23954.599609375,23985.349609375,437800,12.5600004196167,-0.008365806418584087,0.005011349292395995,LOW,NEUTRAL
2026-07-29,24176.650390625,24283.55078125,24136.75,24250.19921875,424200,12.010000228881836,0.010582871021513673,0.010178752818628567,LOW,NEUTRAL
2026-07-30,24249.55078125,24342.94921875,24187.099609375,24317.150390625,400600,12.15999984741211,0.01874982356529431,0.005850965078407988,LOW,NEUTRAL
2026-07-31,24361.44921875,24429.400390625,24299.69921875,24383.599609375,411700,11.760000228881836,0.025924127783090833,0.004645490446961942,LOW,NEUTRAL
2026-08-03,24572.69921875,24774.30078125,24515.150390625,24774.30078125,342300,11.930000305175781,0.032436789868341975,0.01407884771910961,LOW,NEUTRAL
2026-08-04,24703.900390625,24703.900390625,24427.94921875,24614.900390625,296500,12.1899995803833,0.02624730477157322,0.008861176160934514,LOW,NEUTRAL
2026-08-05,24669.19921875,24677.599609375,24497.94921875,24624.650390625,355500,12.0600004196167,0.015441158585842718,0.03109446572142871,LOW,BULL
2026-08-06,24641.0,24677.05078125,24604.150390625,24636.0,344000,12.15999984741211,0.013112128857743377,0.028093511476202426,LOW,NEUTRAL
2026-08-07,24538.900390625,24630.400390625,24522.75,24570.650390625,254800,12.15999984741211,0.007671171781301833,0.015026707018667818,LOW,NEUTRAL
2026-08-10,24581.25,24620.94921875,24511.099609375,24583.80078125,269500,12.25,-0.007689419842039524,0.015397991873528527,LOW,NEUTRAL
2026-08-11,24575.099609375,24576.849609375,24429.25,24471.69921875,271800,11.859999656677246,-0.005817662050322192,0.017447511703540197,LOW,NEUTRAL
2026-08-12,24472.44921875,24473.30078125,24265.94921875,24435.94921875,317600,11.6899995803833,-0.0076631005468748015,0.014845161399173579,LOW,NEUTRAL
2026-08-13,24431.599609375,24431.599609375,24311.400390625,24395.849609375,295800,11.420000076293945,-0.009747945714604689,0.01342179889605477,LOW,NEUTRAL
2026-08-14,24361.900390625,24405.19921875,24296.80078125,24366.0,267700,11.3100004196167,-0.008329058749828033,0.0013026558286985956,LOW,NEUTRAL
2026-08-17,24343.44921875,24360.099609375,24226.94921875,24287.650390625,225400,11.329999923706055,-0.012046566487427524,0.002027781860469924,LOW,NEUTRAL
2026-08-18,24223.849609375,24269.650390625,24154.900390625,24154.900390625,227000,11.390000343322754,-0.012945518220584873,-0.0013560127330992655,LOW,NEUTRAL
2026-08-19,24152.05078125,24172.849609375,24025.650390625,24078.30078125,238700,11.319999694824219,-0.014636158976200964,0.003419316820336471,LOW,NEUTRAL
2026-08-20,24225.44921875,24265.150390625,24184.55078125,24231.849609375,253900,10.760000228881836,-0.006722454951393786,0.015176207641862671,LOW,NEUTRAL
2026-08-21,24284.05078125,24284.05078125,24206.80078125,24252.0,259300,11.199999809265137,-0.004678650578675225,0.02038715963123794,LOW,NEUTRAL
2026-08-24,24285.05078125,24313.0,24144.30078125,24219.05078125,236300,11.529999732971191,-0.0028244646259186768,0.009297467687824357,LOW,NEUTRAL
2026-08-25,24175.75,24334.55078125,24115.44921875,24334.55078125,239500,11.079999923706055,0.007437430406242784,0.014558936082320395,LOW,NEUTRAL
2026-08-26,24341.94921875,24378.599609375,24207.75,24207.75,244800,10.569999694824219,0.005376177493837231,-0.0017504688669600643,LOW,NEUTRAL
2026-08-27,24277.599609375,24297.44921875,24090.849609375,24090.849609375,323400,11.069999694824219,-0.005818788176427447,-0.009306221231302092,LOW,NEUTRAL
2026-08-28,24122.599609375,24188.30078125,24076.849609375,24175.650390625,296100,10.680000305175781,-0.003148177856465484,-0.008528241198237474,LOW,NEUTRAL
2026-08-31,24117.55078125,24128.69921875,23993.599609375,24080.400390625,710900,11.1899995803833,-0.005724848255916792,-0.02800887890850856,LOW,NEUTRAL
2026-09-01,24077.55078125,24143.150390625,23952.55078125,24055.80078125,334200,11.489999771118164,-0.011454906338964732,-0.02271386844969492,LOW,NEUTRAL
2026-09-02,23858.0,23914.44921875,23786.80078125,23914.44921875,318900,11.59000015258789,-0.012115986874038254,-0.02884106619216753,LOW,NEUTRAL
2026-09-03,23997.94921875,24025.400390625,23873.44921875,23873.44921875,239100,11.34000015258789,-0.009024189439146957,-0.030952702599853832,LOW,BEAR
2026-09-04,23910.900390625,23975.75,23895.849609375,23970.599609375,0,10.802499771118164,-0.008481706921502963,-0.024421444760735822,LOW,NEUTRAL
